n, cpu_time
1, 2e-06
2, 0
3, 1e-06
4, 2e-06
5, 1e-06
6, 2e-06
7, 0
8, 1e-06
9, 0
10, 1e-06
11, 2e-06
12, 0
13, 1e-06
14, 1e-06
15, 1e-06
16, 2e-06
17, 1e-06
18, 1e-06
19, 2e-06
20, 2e-06
21, 2e-06
22, 1e-06
23, 1e-06
24, 2e-06
25, 1e-06
26, 2e-06
27, 2e-06
28, 2e-06
29, 3e-06
30, 2e-06
31, 2e-06
32, 3e-06
33, 2e-06
34, 3e-06
35, 2e-06
36, 4e-06
37, 3e-06
38, 4e-06
39, 2e-06
40, 3e-06
41, 4e-06
42, 3e-06
43, 4e-06
44, 4e-06
45, 4e-06
46, 3e-06
47, 5e-06
48, 4e-06
49, 5e-06
50, 5e-06
51, 5e-06
52, 5e-06
53, 5e-06
54, 4e-06
55, 6e-06
56, 5e-06
57, 7e-06
58, 6e-06
59, 6e-06
60, 6e-06
61, 7e-06
62, 6e-06
63, 8e-06
64, 8e-06
65, 8e-06
66, 7e-06
67, 8e-06
68, 8e-06
69, 7e-06
70, 9e-06
71, 8e-06
72, 9e-06
73, 9e-06
74, 8e-06
75, 9e-06
76, 9e-06
77, 8e-06
78, 1e-05
79, 1e-05
80, 9e-06
81, 1e-05
82, 1.1e-05
83, 1e-05
84, 1e-05
85, 1.2e-05
86, 1.2e-05
87, 1.1e-05
88, 1.1e-05
89, 1.2e-05
90, 1.3e-05
91, 1.2e-05
92, 1.2e-05
93, 1.4e-05
94, 1.3e-05
95, 1.3e-05
96, 1.3e-05
97, 1.4e-05
98, 1.5e-05
99, 1.6e-05
100, 1.5e-05
101, 1.5e-05
102, 1.5e-05
103, 1.5e-05
104, 1.7e-05
105, 1.7e-05
106, 1.6e-05
107, 1.6e-05
108, 1.8e-05
109, 1.8e-05
110, 1.7e-05
111, 1.8e-05
112, 1.8e-05
113, 3.5e-05
114, 1.9e-05
115, 2e-05
116, 1.9e-05
117, 3.5e-05
118, 2.7e-05
119, 3.6e-05
120, 3.9e-05
121, 3.6e-05
122, 2.8e-05
123, 2.5e-05
124, 2.9e-05
125, 2.2e-05
126, 2.1e-05
127, 2.2e-05
128, 2.1e-05
129, 2.1e-05
130, 2.3e-05
131, 2.5e-05
132, 2.4e-05
133, 2.4e-05
134, 2.3e-05
135, 2.4e-05
136, 2.8e-05
137, 2.5e-05
138, 2.8e-05
139, 2.8e-05
140, 4e-05
141, 3.2e-05
142, 2.9e-05
143, 2.8e-05
144, 2.7e-05
145, 2.7e-05
146, 2.8e-05
147, 2.9e-05
148, 2.8e-05
149, 2.8e-05
150, 3e-05
151, 3e-05
152, 3.4e-05
153, 3.1e-05
154, 3.1e-05
155, 3.1e-05
156, 3.1e-05
157, 3.1e-05
158, 3.4e-05
159, 3.5e-05
160, 6e-05
161, 4e-05
162, 4.4e-05
163, 4.4e-05
164, 3.3e-05
165, 3.3e-05
166, 3.5e-05
167, 3.5e-05
168, 3.5e-05
169, 3.5e-05
170, 5.9e-05
171, 4.6e-05
172, 4.7e-05
173, 5e-05
174, 4.8e-05
175, 3.7e-05
176, 3.7e-05
177, 5e-05
178, 3.9e-05
179, 5.1e-05
180, 6.3e-05
181, 5.1e-05
182, 6.3e-05
183, 3.9e-05
184, 4.3e-05
185, 5.2e-05
186, 7.1e-05
187, 4.3e-05
188, 5.3e-05
189, 5.2e-05
190, 6e-05
191, 6.7e-05
192, 5.2e-05
193, 5.4e-05
194, 6.4e-05
195, 5.5e-05
196, 6.5e-05
197, 5.5e-05
198, 5.7e-05
199, 5.7e-05
200, 6.8e-05
201, 6.8e-05
202, 6.7e-05
203, 7e-05
204, 6.8e-05
205, 7e-05
206, 6.9e-05
207, 7.1e-05
208, 7.1e-05
209, 6.1e-05
210, 7.2e-05
211, 7.1e-05
212, 5.3e-05
213, 7.3e-05
214, 8.5e-05
215, 6.5e-05
216, 6.5e-05
217, 6.6e-05
218, 5.6e-05
219, 5.6e-05
220, 5.7e-05
221, 5.8e-05
222, 5.8e-05
223, 5.8e-05
224, 5.9e-05
225, 5.9e-05
226, 6e-05
227, 6.1e-05
228, 6.1e-05
229, 6.1e-05
230, 6.2e-05
231, 6.3e-05
232, 6.3e-05
233, 6.5e-05
234, 6.4e-05
235, 6.4e-05
236, 6.6e-05
237, 8.7e-05
238, 7.1e-05
239, 7.5e-05
240, 7.2e-05
241, 7.3e-05
242, 7.4e-05
243, 7.3e-05
244, 7.4e-05
245, 8e-05
246, 7.8e-05
247, 8.4e-05
248, 7.9e-05
249, 8.2e-05
250, 0.000108
251, 0.000103
252, 9.1e-05
253, 9.1e-05
254, 9.4e-05
255, 9.2e-05
256, 9.4e-05
257, 9.7e-05
258, 8.8e-05
259, 7.8e-05
260, 7.8e-05
261, 8.7e-05
262, 8.8e-05
263, 8.9e-05
264, 9e-05
265, 9.2e-05
266, 9.1e-05
267, 8.9e-05
268, 0.000112
269, 0.000113
270, 0.000102
271, 0.000104
272, 0.000103
273, 0.000104
274, 9.5e-05
275, 8.7e-05
276, 8.8e-05
277, 9e-05
278, 9.1e-05
279, 9e-05
280, 9.2e-05
281, 9.1e-05
282, 9.2e-05
283, 9.3e-05
284, 9.3e-05
285, 9.7e-05
286, 9.5e-05
287, 9.6e-05
288, 0.000109
289, 0.000114
290, 0.000104
291, 0.000104
292, 0.000106
293, 0.000105
294, 0.000106
295, 0.000107
296, 0.000108
297, 0.000131
298, 0.000111
299, 0.000112
300, 0.000112
301, 0.000124
302, 0.000112
303, 0.000112
304, 0.000113
305, 0.000114
306, 0.000116
307, 0.000117
308, 0.000118
309, 0.000118
310, 0.000119
311, 0.000119
312, 0.00012
313, 0.000121
314, 0.000121
315, 0.000121
316, 0.000115
317, 0.000116
318, 0.000117
319, 0.000117
320, 0.000117
321, 0.00012
322, 0.000119
323, 0.000121
324, 0.000121
325, 0.000121
326, 0.000123
327, 0.000124
328, 0.000123
329, 0.000124
330, 0.000126
331, 0.000126
332, 0.000127
333, 0.000128
334, 0.000128
335, 0.000132
336, 0.00013
337, 0.000131
338, 0.000131
339, 0.000132
340, 0.000132
341, 0.000134
342, 0.000155
343, 0.000149
344, 0.000144
345, 0.000146
346, 0.000147
347, 0.000148
348, 0.000151
349, 0.000152
350, 0.000158
351, 0.000143
352, 0.000143
353, 0.000153
354, 0.000158
355, 0.000174
356, 0.000177
357, 0.000183
358, 0.000183
359, 0.000184
360, 0.000185
361, 0.000184
362, 0.000186
363, 0.000196
364, 0.000213
365, 0.000195
366, 0.000195
367, 0.000195
368, 0.000218
369, 0.000224
370, 0.000194
371, 0.000174
372, 0.000193
373, 0.000181
374, 0.00017
375, 0.000172
376, 0.000172
377, 0.000194
378, 0.000175
379, 0.000175
380, 0.000175
381, 0.000177
382, 0.000167
383, 0.000167
384, 0.000175
385, 0.000184
386, 0.000185
387, 0.000187
388, 0.000187
389, 0.000188
390, 0.000188
391, 0.00019
392, 0.000192
393, 0.000191
394, 0.000197
395, 0.000192
396, 0.000218
397, 0.00018
398, 0.000233
399, 0.000201
400, 0.000204
401, 0.000226
402, 0.000217
403, 0.000205
404, 0.000198
405, 0.000199
406, 0.00021
407, 0.000202
408, 0.000202
409, 0.000203
410, 0.000205
411, 0.000216
412, 0.000243
413, 0.000216
414, 0.000215
415, 0.000217
416, 0.000217
417, 0.000218
418, 0.000218
419, 0.000225
420, 0.000225
421, 0.000226
422, 0.000227
423, 0.000229
424, 0.000233
425, 0.00022
426, 0.000221
427, 0.000231
428, 0.000239
429, 0.000209
430, 0.00021
431, 0.000211
432, 0.000211
433, 0.000213
434, 0.000215
435, 0.000216
436, 0.000216
437, 0.000219
438, 0.000219
439, 0.000237
440, 0.000248
441, 0.000238
442, 0.000241
443, 0.000243
444, 0.000307
445, 0.000314
446, 0.000287
447, 0.000271
448, 0.00023
449, 0.000228
450, 0.00023
451, 0.00023
452, 0.000233
453, 0.000233
454, 0.000234
455, 0.000236
456, 0.000236
457, 0.000239
458, 0.000237
459, 0.000238
460, 0.000241
461, 0.000241
462, 0.000242
463, 0.000244
464, 0.000244
465, 0.000267
466, 0.000263
467, 0.000284
468, 0.000266
469, 0.000266
470, 0.000276
471, 0.00027
472, 0.00027
473, 0.000269
474, 0.000271
475, 0.000269
476, 0.0003
477, 0.000274
478, 0.00036
479, 0.00028
480, 0.000286
481, 0.000284
482, 0.000342
483, 0.000269
484, 0.000265
485, 0.000267
486, 0.000286
487, 0.000309
488, 0.000297
489, 0.000298
490, 0.000341
491, 0.000314
492, 0.000305
493, 0.000294
494, 0.000295
495, 0.000299
496, 0.000289
497, 0.00029
498, 0.000329
499, 0.000302
500, 0.000328
501, 0.000347
502, 0.000334
503, 0.000317
504, 0.000286
505, 0.000289
506, 0.000289
507, 0.000291
508, 0.000291
509, 0.000313
510, 0.000315
511, 0.000318
512, 0.000318
513, 0.000316
514, 0.000301
515, 0.000318
516, 0.000359
517, 0.000323
518, 0.000333
519, 0.000333
520, 0.000325
521, 0.000331
522, 0.000336
523, 0.000375
524, 0.000387
525, 0.000343
526, 0.000333
527, 0.000334
528, 0.000367
529, 0.000338
530, 0.000341
531, 0.000339
532, 0.000342
533, 0.000347
534, 0.000347
535, 0.000333
536, 0.000335
537, 0.000336
538, 0.000337
539, 0.000339
540, 0.000339
541, 0.000341
542, 0.000342
543, 0.000344
544, 0.000344
545, 0.000345
546, 0.000379
547, 0.000373
548, 0.000366
549, 0.000392
550, 0.000399
551, 0.000385
552, 0.000348
553, 0.000369
554, 0.00037
555, 0.000369
556, 0.000359
557, 0.000359
558, 0.00036
559, 0.000362
560, 0.000363
561, 0.000393
562, 0.000398
563, 0.000382
564, 0.000383
565, 0.000385
566, 0.000385
567, 0.000396
568, 0.00039
569, 0.000392
570, 0.000386
571, 0.000394
572, 0.000385
573, 0.000385
574, 0.000385
575, 0.000392
576, 0.000399
577, 0.000383
578, 0.000412
579, 0.000406
580, 0.000406
581, 0.000407
582, 0.000411
583, 0.000408
584, 0.000428
585, 0.000414
586, 0.000504
587, 0.00044
588, 0.000445
589, 0.000494
590, 0.000508
591, 0.000502
592, 0.00041
593, 0.00041
594, 0.000412
595, 0.000438
596, 0.000413
597, 0.000416
598, 0.000418
599, 0.000484
600, 0.000465
601, 0.000436
602, 0.000436
603, 0.000437
604, 0.00045
605, 0.00045
606, 0.000442
607, 0.000446
608, 0.000468
609, 0.000421
610, 0.000426
611, 0.000458
612, 0.000565
613, 0.000554
614, 0.000519
615, 0.0005
616, 0.000479
617, 0.00049
618, 0.000503
619, 0.000554
620, 0.000465
621, 0.000484
622, 0.000494
623, 0.000601
624, 0.000469
625, 0.00054
626, 0.000551
627, 0.000555
628, 0.000555
629, 0.000559
630, 0.000594
631, 0.00057
632, 0.000566
633, 0.000569
634, 0.00056
635, 0.000555
636, 0.000548
637, 0.000569
638, 0.000568
639, 0.000585
640, 0.000556
641, 0.000608
642, 0.000513
643, 0.000475
644, 0.00049
645, 0.000552
646, 0.000528
647, 0.000537
648, 0.000614
649, 0.000569
650, 0.000583
651, 0.000619
652, 0.00052
653, 0.000525
654, 0.000494
655, 0.000483
656, 0.000507
657, 0.000529
658, 0.000522
659, 0.000526
660, 0.000573
661, 0.000606
662, 0.000578
663, 0.000531
664, 0.000507
665, 0.000534
666, 0.000515
667, 0.000555
668, 0.000559
669, 0.000534
670, 0.000534
671, 0.000518
672, 0.000511
673, 0.000661
674, 0.000769
675, 0.000678
676, 0.000619
677, 0.000515
678, 0.000534
679, 0.000529
680, 0.000562
681, 0.000525
682, 0.000604
683, 0.000579
684, 0.000604
685, 0.000624
686, 0.000546
687, 0.000531
688, 0.000541
689, 0.000546
690, 0.000533
691, 0.000534
692, 0.000536
693, 0.000549
694, 0.000541
695, 0.000582
696, 0.000587
697, 0.000572
698, 0.00057
699, 0.000584
700, 0.000716
701, 0.000815
702, 0.000644
703, 0.000597
704, 0.000643
705, 0.000591
706, 0.000574
707, 0.000584
708, 0.000605
709, 0.000608
710, 0.000625
711, 0.000614
712, 0.000619
713, 0.000605
714, 0.000587
715, 0.000573
716, 0.000575
717, 0.000583
718, 0.00058
719, 0.000586
720, 0.000594
721, 0.000584
722, 0.000585
723, 0.000634
724, 0.000671
725, 0.000761
726, 0.000777
727, 0.000593
728, 0.000628
729, 0.000597
730, 0.000617
731, 0.000643
732, 0.000658
733, 0.000643
734, 0.000644
735, 0.000602
736, 0.000602
737, 0.000603
738, 0.000606
739, 0.000654
740, 0.000655
741, 0.000671
742, 0.000654
743, 0.000728
744, 0.000719
745, 0.000792
746, 0.000825
747, 0.000797
748, 0.000688
749, 0.000654
750, 0.000631
751, 0.000657
752, 0.000843
753, 0.000792
754, 0.000717
755, 0.000741
756, 0.000734
757, 0.000721
758, 0.000753
759, 0.000696
760, 0.000835
761, 0.000774
762, 0.000664
763, 0.000652
764, 0.000654
765, 0.000729
766, 0.00081
767, 0.000719
768, 0.00066
769, 0.000748
770, 0.000707
771, 0.000725
772, 0.000737
773, 0.000758
774, 0.000743
775, 0.000716
776, 0.00072
777, 0.000719
778, 0.000728
779, 0.000772
780, 0.000734
781, 0.000705
782, 0.000685
783, 0.000696
784, 0.000699
785, 0.000754
786, 0.000692
787, 0.000758
788, 0.000749
789, 0.000779
790, 0.000881
791, 0.000761
792, 0.000748
793, 0.000714
794, 0.000762
795, 0.000744
796, 0.000758
797, 0.00076
798, 0.000763
799, 0.000779
800, 0.00076
801, 0.000717
802, 0.000732
803, 0.00072
804, 0.000771
805, 0.000782
806, 0.000733
807, 0.000738
808, 0.00076
809, 0.000821
810, 0.001014
811, 0.000949
812, 0.000875
813, 0.000955
814, 0.000853
815, 0.000809
816, 0.000794
817, 0.000796
818, 0.000814
819, 0.00083
820, 0.00076
821, 0.000768
822, 0.00077
823, 0.00081
824, 0.00083
825, 0.000888
826, 0.000855
827, 0.000853
828, 0.000959
829, 0.001046
830, 0.000801
831, 0.000797
832, 0.000888
833, 0.000906
834, 0.00089
835, 0.000876
836, 0.000862
837, 0.000784
838, 0.000787
839, 0.000805
840, 0.000787
841, 0.000789
842, 0.000793
843, 0.00081
844, 0.000829
845, 0.000967
846, 0.001042
847, 0.00092
848, 0.00081
849, 0.000804
850, 0.000805
851, 0.000809
852, 0.000954
853, 0.000953
854, 0.00103
855, 0.00094
856, 0.000893
857, 0.000881
858, 0.000893
859, 0.000854
860, 0.000882
861, 0.000884
862, 0.000903
863, 0.000946
864, 0.001003
865, 0.000888
866, 0.000834
867, 0.000833
868, 0.000839
869, 0.000908
870, 0.000928
871, 0.000953
872, 0.00097
873, 0.001
874, 0.000915
875, 0.000859
876, 0.000865
877, 0.000865
878, 0.000858
879, 0.000861
880, 0.000865
881, 0.00095
882, 0.000997
883, 0.000936
884, 0.000881
885, 0.000874
886, 0.000874
887, 0.000923
888, 0.000943
889, 0.001004
890, 0.000977
891, 0.000944
892, 0.000888
893, 0.000897
894, 0.000911
895, 0.000894
896, 0.000895
897, 0.000896
898, 0.001015
899, 0.00107
900, 0.000903
901, 0.000949
902, 0.000961
903, 0.00095
904, 0.001064
905, 0.001003
906, 0.001071
907, 0.001041
908, 0.001079
909, 0.000987
910, 0.000931
911, 0.000925
912, 0.000954
913, 0.000911
914, 0.001022
915, 0.001112
916, 0.000917
917, 0.000918
918, 0.000919
919, 0.00092
920, 0.001017
921, 0.001012
922, 0.001021
923, 0.00102
924, 0.000957
925, 0.001124
926, 0.000982
927, 0.000993
928, 0.000953
929, 0.000959
930, 0.00102
931, 0.001093
932, 0.00112
933, 0.001088
934, 0.000985
935, 0.000998
936, 0.001082
937, 0.001051
938, 0.001007
939, 0.001022
940, 0.001033
941, 0.001077
942, 0.001016
943, 0.000991
944, 0.000993
945, 0.001075
946, 0.001108
947, 0.001232
948, 0.001067
949, 0.001101
950, 0.001076
951, 0.001155
952, 0.001088
953, 0.001037
954, 0.00104
955, 0.001027
956, 0.00101
957, 0.001101
958, 0.001087
959, 0.001014
960, 0.001016
961, 0.001134
962, 0.001145
963, 0.001026
964, 0.001026
965, 0.001047
966, 0.00103
967, 0.00115
968, 0.001145
969, 0.001124
970, 0.001077
971, 0.001054
972, 0.001055
973, 0.001252
974, 0.001081
975, 0.001131
976, 0.001234
977, 0.001125
978, 0.001059
979, 0.001089
980, 0.001063
981, 0.001121
982, 0.001152
983, 0.0011
984, 0.00111
985, 0.001233
986, 0.001119
987, 0.00117
988, 0.001261
989, 0.001167
990, 0.001232
991, 0.001383
992, 0.001207
993, 0.001263
994, 0.001293
995, 0.001207
996, 0.001188
997, 0.001296
998, 0.001093
999, 0.001098
1000, 0.001109
1001, 0.001159
1002, 0.001155
1003, 0.001271
1004, 0.001285
1005, 0.001117
1006, 0.001121
1007, 0.001121
1008, 0.001324
1009, 0.001267
1010, 0.001134
1011, 0.001171
1012, 0.00117
1013, 0.001128
1014, 0.001152
1015, 0.001161
1016, 0.001134
1017, 0.001289
1018, 0.001268
1019, 0.001141
1020, 0.001143
1021, 0.001268
1022, 0.00138
1023, 0.001263
1024, 0.001257
1025, 0.001273
1026, 0.001254
1027, 0.001231
1028, 0.001178
1029, 0.001243
1030, 0.001334
1031, 0.001246
1032, 0.001169
1033, 0.001174
1034, 0.001173
1035, 0.001269
1036, 0.0013
1037, 0.001286
1038, 0.001208
1039, 0.001209
1040, 0.001306
1041, 0.001337
1042, 0.001238
1043, 0.001375
1044, 0.001373
1045, 0.001233
1046, 0.001217
1047, 0.001208
1048, 0.001348
1049, 0.001409
1050, 0.001353
1051, 0.001258
1052, 0.001229
1053, 0.001255
1054, 0.001226
1055, 0.001376
1056, 0.001426
1057, 0.001431
1058, 0.001312
1059, 0.00137
1060, 0.001417
1061, 0.00136
1062, 0.001442
1063, 0.001369
1064, 0.0013
1065, 0.00122
1066, 0.001222
1067, 0.001514
1068, 0.001276
1069, 0.001229
1070, 0.001254
1071, 0.001339
1072, 0.001366
1073, 0.00138
1074, 0.001336
1075, 0.001385
1076, 0.001457
1077, 0.001338
1078, 0.001294
1079, 0.001452
1080, 0.001445
1081, 0.001289
1082, 0.001291
1083, 0.001431
1084, 0.001429
1085, 0.001423
1086, 0.001333
1087, 0.001295
1088, 0.001497
1089, 0.001366
1090, 0.001488
1091, 0.001669
1092, 0.001451
1093, 0.001405
1094, 0.001345
1095, 0.001452
1096, 0.001432
1097, 0.001345
1098, 0.001377
1099, 0.001345
1100, 0.001516
1101, 0.001352
1102, 0.001606
1103, 0.001392
1104, 0.001335
1105, 0.001337
1106, 0.001449
1107, 0.001467
1108, 0.001496
1109, 0.001357
1110, 0.001366
1111, 0.001365
1112, 0.001535
1113, 0.001414
1114, 0.001527
1115, 0.001464
1116, 0.001445
1117, 0.00149
1118, 0.001557
1119, 0.001574
1120, 0.001434
1121, 0.001499
1122, 0.001517
1123, 0.001547
1124, 0.001684
1125, 0.001539
1126, 0.001455
1127, 0.001391
1128, 0.001515
1129, 0.001523
1130, 0.001554
1131, 0.001489
1132, 0.001413
1133, 0.001413
1134, 0.001414
1135, 0.001615
1136, 0.001814
1137, 0.001591
1138, 0.00157
1139, 0.001547
1140, 0.001556
1141, 0.00158
1142, 0.00143
1143, 0.00154
1144, 0.001444
1145, 0.001594
1146, 0.001652
1147, 0.001594
1148, 0.001797
1149, 0.001789
1150, 0.001886
1151, 0.001763
1152, 0.001638
1153, 0.001565
1154, 0.001657
1155, 0.001803
1156, 0.001641
1157, 0.00153
1158, 0.001668
1159, 0.00161
1160, 0.001615
1161, 0.001572
1162, 0.001555
1163, 0.001538
1164, 0.00164
1165, 0.001729
1166, 0.001511
1167, 0.001519
1168, 0.001734
1169, 0.001739
1170, 0.001629
1171, 0.001686
1172, 0.001598
1173, 0.001544
1174, 0.001637
1175, 0.001754
1176, 0.00157
1177, 0.001627
1178, 0.001804
1179, 0.001862
1180, 0.001679
1181, 0.001679
1182, 0.00158
1183, 0.001575
1184, 0.001748
1185, 0.001559
1186, 0.001536
1187, 0.00157
1188, 0.00179
1189, 0.0017
1190, 0.001608
1191, 0.001557
1192, 0.001593
1193, 0.001601
1194, 0.001781
1195, 0.001826
1196, 0.001622
1197, 0.001715
1198, 0.001727
1199, 0.001753
1200, 0.001739
1201, 0.001631
1202, 0.00162
1203, 0.001771
1204, 0.001882
1205, 0.001739
1206, 0.001761
1207, 0.001875
1208, 0.001938
1209, 0.001667
1210, 0.001622
1211, 0.001599
1212, 0.001624
1213, 0.001876
1214, 0.001638
1215, 0.001654
1216, 0.001733
1217, 0.001786
1218, 0.00186
1219, 0.00172
1220, 0.001657
1221, 0.001658
1222, 0.001884
1223, 0.001738
1224, 0.001701
1225, 0.002018
1226, 0.00183
1227, 0.001735
1228, 0.001923
1229, 0.001701
1230, 0.001845
1231, 0.002132
1232, 0.001812
1233, 0.001725
1234, 0.001839
1235, 0.001849
1236, 0.001724
1237, 0.001747
1238, 0.001989
1239, 0.001846
1240, 0.001925
1241, 0.00171
1242, 0.001724
1243, 0.001827
1244, 0.002014
1245, 0.001837
1246, 0.001697
1247, 0.001867
1248, 0.001756
1249, 0.001944
1250, 0.001702
1251, 0.001755
1252, 0.001945
1253, 0.001994
1254, 0.001888
1255, 0.001854
1256, 0.001924
1257, 0.002178
1258, 0.001809
1259, 0.001727
1260, 0.00185
1261, 0.001914
1262, 0.001827
1263, 0.001797
1264, 0.001844
1265, 0.001776
1266, 0.002126
1267, 0.001808
1268, 0.001785
1269, 0.001963
1270, 0.001924
1271, 0.001806
1272, 0.001848
1273, 0.001787
1274, 0.001869
1275, 0.002057
1276, 0.001967
1277, 0.001944
1278, 0.002084
1279, 0.001974
1280, 0.001857
1281, 0.00187
1282, 0.001787
1283, 0.00204
1284, 0.002001
1285, 0.001844
1286, 0.001965
1287, 0.001982
1288, 0.001843
1289, 0.00186
1290, 0.001857
1291, 0.002032
1292, 0.001998
1293, 0.002052
1294, 0.00201
1295, 0.002024
1296, 0.001911
1297, 0.001878
1298, 0.001991
1299, 0.001967
1300, 0.002282
1301, 0.002027
1302, 0.002211
1303, 0.002124
1304, 0.001918
1305, 0.001866
1306, 0.001874
1307, 0.001971
1308, 0.002043
1309, 0.001866
1310, 0.001966
1311, 0.002126
1312, 0.001991
1313, 0.001923
1314, 0.001924
1315, 0.001923
1316, 0.002188
1317, 0.001912
1318, 0.001963
1319, 0.002119
1320, 0.002164
1321, 0.002082
1322, 0.002104
1323, 0.002093
1324, 0.002345
1325, 0.001978
1326, 0.002072
1327, 0.002104
1328, 0.002026
1329, 0.002005
1330, 0.001953
1331, 0.001994
1332, 0.002181
1333, 0.001941
1334, 0.002096
1335, 0.002134
1336, 0.002054
1337, 0.002056
1338, 0.001965
1339, 0.002104
1340, 0.00206
1341, 0.002152
1342, 0.002195
1343, 0.002289
1344, 0.002115
1345, 0.0021
1346, 0.002093
1347, 0.002325
1348, 0.001975
1349, 0.00203
1350, 0.00236
1351, 0.002153
1352, 0.002023
1353, 0.002208
1354, 0.00217
1355, 0.002214
1356, 0.002005
1357, 0.002215
1358, 0.002217
1359, 0.002077
1360, 0.002065
1361, 0.002101
1362, 0.00234
1363, 0.002202
1364, 0.002264
1365, 0.002291
1366, 0.002231
1367, 0.002174
1368, 0.002056
1369, 0.002186
1370, 0.002211
1371, 0.002041
1372, 0.002339
1373, 0.002251
1374, 0.002066
1375, 0.002073
1376, 0.002109
1377, 0.002434
1378, 0.002074
1379, 0.002176
1380, 0.002268
1381, 0.002275
1382, 0.002214
1383, 0.002318
1384, 0.00247
1385, 0.002346
1386, 0.002178
1387, 0.00239
1388, 0.002221
1389, 0.002172
1390, 0.002217
1391, 0.002469
1392, 0.002193
1393, 0.002283
1394, 0.002324
1395, 0.002349
1396, 0.00216
1397, 0.002268
1398, 0.002441
1399, 0.002156
1400, 0.002129
1401, 0.002536
1402, 0.002365
1403, 0.002316
1404, 0.002365
1405, 0.002497
1406, 0.002417
1407, 0.002307
1408, 0.002444
1409, 0.00229
1410, 0.002211
1411, 0.002211
1412, 0.002423
1413, 0.002263
1414, 0.002285
1415, 0.002448
1416, 0.00233
1417, 0.002239
1418, 0.002243
1419, 0.002485
1420, 0.002198
1421, 0.00241
1422, 0.002497
1423, 0.00243
1424, 0.002433
1425, 0.002308
1426, 0.002549
1427, 0.002222
1428, 0.002352
1429, 0.002502
1430, 0.002376
1431, 0.0023
1432, 0.002251
1433, 0.002582
1434, 0.002363
1435, 0.002396
1436, 0.00256
1437, 0.002415
1438, 0.002405
1439, 0.002334
1440, 0.00269
1441, 0.002495
1442, 0.002676
1443, 0.002517
1444, 0.002302
1445, 0.002291
1446, 0.002597
1447, 0.002263
1448, 0.002389
1449, 0.002518
1450, 0.002361
1451, 0.00247
1452, 0.002715
1453, 0.002728
1454, 0.002308
1455, 0.002584
1456, 0.002707
1457, 0.002523
1458, 0.002435
1459, 0.002699
1460, 0.002526
1461, 0.002496
1462, 0.002622
1463, 0.002385
1464, 0.002372
1465, 0.00237
1466, 0.00256
1467, 0.002395
1468, 0.002636
1469, 0.002532
1470, 0.002411
1471, 0.002511
1472, 0.002691
1473, 0.002356
1474, 0.002498
1475, 0.002693
1476, 0.002587
1477, 0.002577
1478, 0.002618
1479, 0.002751
1480, 0.002484
1481, 0.00279
1482, 0.002522
1483, 0.00246
1484, 0.002515
1485, 0.002645
1486, 0.002401
1487, 0.002685
1488, 0.002678
1489, 0.002476
1490, 0.002546
1491, 0.002812
1492, 0.002618
1493, 0.002694
1494, 0.002745
1495, 0.002578
1496, 0.002504
1497, 0.002737
1498, 0.002426
1499, 0.002626
1500, 0.002722
1501, 0.002495
1502, 0.002492
1503, 0.002495
1504, 0.002795
1505, 0.002465
1506, 0.002821
1507, 0.002594
1508, 0.002552
1509, 0.002702
1510, 0.003025
1511, 0.002719
1512, 0.002968
1513, 0.00262
1514, 0.00252
1515, 0.002663
1516, 0.002878
1517, 0.002627
1518, 0.002773
1519, 0.002729
1520, 0.002643
1521, 0.002656
1522, 0.002816
1523, 0.002524
1524, 0.002807
1525, 0.002789
1526, 0.002796
1527, 0.002832
1528, 0.002794
1529, 0.002602
1530, 0.002878
1531, 0.003132
1532, 0.003047
1533, 0.0028
1534, 0.002779
1535, 0.002738
1536, 0.002856
1537, 0.002633
1538, 0.002632
1539, 0.002935
1540, 0.002626
1541, 0.002843
1542, 0.003078
1543, 0.002807
1544, 0.002723
1545, 0.003076
1546, 0.002605
1547, 0.002811
1548, 0.002856
1549, 0.002658
1550, 0.002829
1551, 0.003241
1552, 0.002701
1553, 0.002892
1554, 0.002767
1555, 0.002616
1556, 0.002944
1557, 0.00302
1558, 0.00293
1559, 0.002896
1560, 0.002794
1561, 0.002685
1562, 0.00301
1563, 0.002658
1564, 0.002867
1565, 0.002885
1566, 0.002683
1567, 0.002716
1568, 0.003012
1569, 0.002683
1570, 0.002954
1571, 0.002916
1572, 0.002905
1573, 0.003125
1574, 0.002992
1575, 0.002854
1576, 0.002945
1577, 0.002756
1578, 0.002724
1579, 0.002925
1580, 0.003051
1581, 0.002983
1582, 0.002893
1583, 0.002772
1584, 0.002914
1585, 0.002969
1586, 0.00303
1587, 0.003224
1588, 0.003549
1589, 0.003003
1590, 0.00326
1591, 0.002757
1592, 0.003031
1593, 0.003051
1594, 0.002752
1595, 0.002914
1596, 0.003093
1597, 0.00299
1598, 0.003064
1599, 0.002886
1600, 0.002833
1601, 0.003252
1602, 0.003014
1603, 0.003155
1604, 0.003098
1605, 0.003009
1606, 0.003099
1607, 0.002843
1608, 0.003048
1609, 0.002989
1610, 0.002815
1611, 0.002922
1612, 0.00322
1613, 0.003044
1614, 0.003092
1615, 0.002894
1616, 0.002941
1617, 0.003295
1618, 0.003169
1619, 0.003412
1620, 0.003068
1621, 0.003135
1622, 0.003142
1623, 0.002867
1624, 0.003135
1625, 0.003062
1626, 0.003196
1627, 0.003125
1628, 0.002927
1629, 0.003123
1630, 0.003147
1631, 0.003133
1632, 0.003206
1633, 0.003301
1634, 0.003115
1635, 0.003147
1636, 0.002998
1637, 0.003043
1638, 0.003134
1639, 0.003028
1640, 0.003301
1641, 0.00299
1642, 0.002908
1643, 0.003179
1644, 0.00292
1645, 0.003324
1646, 0.003275
1647, 0.003226
1648, 0.003344
1649, 0.002936
1650, 0.003227
1651, 0.00305
1652, 0.003183
1653, 0.003166
1654, 0.003071
1655, 0.003288
1656, 0.003202
1657, 0.003014
1658, 0.003232
1659, 0.003173
1660, 0.003304
1661, 0.003315
1662, 0.003187
1663, 0.00307
1664, 0.003189
1665, 0.003163
1666, 0.003246
1667, 0.00308
1668, 0.003127
1669, 0.003282
1670, 0.003127
1671, 0.003366
1672, 0.003156
1673, 0.003199
1674, 0.003572
1675, 0.003442
1676, 0.003192
1677, 0.003163
1678, 0.003096
1679, 0.003273
1680, 0.003141
1681, 0.003378
1682, 0.003092
1683, 0.003091
1684, 0.003363
1685, 0.00309
1686, 0.003253
1687, 0.003304
1688, 0.0034
1689, 0.0036
1690, 0.003286
1691, 0.003405
1692, 0.003181
1693, 0.003283
1694, 0.003402
1695, 0.003203
1696, 0.003267
1697, 0.003083
1698, 0.003079
1699, 0.003547
1700, 0.003434
1701, 0.003432
1702, 0.00341
1703, 0.003347
1704, 0.003269
1705, 0.003287
1706, 0.003396
1707, 0.003192
1708, 0.003255
1709, 0.003977
1710, 0.003437
1711, 0.0033
1712, 0.00319
1713, 0.003704
1714, 0.003495
1715, 0.003608
1716, 0.003241
1717, 0.003199
1718, 0.003521
1719, 0.003305
1720, 0.003503
1721, 0.003258
1722, 0.003273
1723, 0.003626
1724, 0.003389
1725, 0.003565
1726, 0.003496
1727, 0.003692
1728, 0.003614
1729, 0.003507
1730, 0.003395
1731, 0.003259
1732, 0.003645
1733, 0.003178
1734, 0.003611
1735, 0.003346
1736, 0.003275
1737, 0.003536
1738, 0.003486
1739, 0.003745
1740, 0.003617
1741, 0.003602
1742, 0.003343
1743, 0.003496
1744, 0.00347
1745, 0.003336
1746, 0.003554
1747, 0.003383
1748, 0.00368
1749, 0.003403
1750, 0.003327
1751, 0.003696
1752, 0.003686
1753, 0.003663
1754, 0.003406
1755, 0.003455
1756, 0.003486
1757, 0.003568
1758, 0.003549
1759, 0.003445
1760, 0.003783
1761, 0.003493
1762, 0.003754
1763, 0.003592
1764, 0.003711
1765, 0.003885
1766, 0.003661
1767, 0.003619
1768, 0.003435
1769, 0.003764
1770, 0.003498
1771, 0.003734
1772, 0.003491
1773, 0.003422
1774, 0.0037
1775, 0.003638
1776, 0.003788
1777, 0.003765
1778, 0.003835
1779, 0.003492
1780, 0.003746
1781, 0.003518
1782, 0.003599
1783, 0.003676
1784, 0.003777
1785, 0.003593
1786, 0.00349
1787, 0.003875
1788, 0.003915
1789, 0.003891
1790, 0.003552
1791, 0.003705
1792, 0.003632
1793, 0.004331
1794, 0.003741
1795, 0.003785
1796, 0.003882
1797, 0.00386
1798, 0.003645
1799, 0.003822
1800, 0.004209
1801, 0.003793
1802, 0.003746
1803, 0.003634
1804, 0.003913
1805, 0.003635
1806, 0.003875
1807, 0.003597
1808, 0.003663
1809, 0.003722
1810, 0.003911
1811, 0.003915
1812, 0.004012
1813, 0.003891
1814, 0.003888
1815, 0.003757
1816, 0.003602
1817, 0.003958
1818, 0.003732
1819, 0.003892
1820, 0.00359
1821, 0.003845
1822, 0.00388
1823, 0.004009
1824, 0.003897
1825, 0.003786
1826, 0.00377
1827, 0.003905
1828, 0.0039
1829, 0.003814
1830, 0.004165
1831, 0.003884
1832, 0.003798
1833, 0.003775
1834, 0.004392
1835, 0.004025
1836, 0.00396
1837, 0.003725
1838, 0.003942
1839, 0.003817
1840, 0.003957
1841, 0.003728
1842, 0.004043
1843, 0.003965
1844, 0.004004
1845, 0.003869
1846, 0.004139
1847, 0.003972
1848, 0.004184
1849, 0.003639
1850, 0.003875
1851, 0.003914
1852, 0.004106
1853, 0.003811
1854, 0.003816
1855, 0.003895
1856, 0.004032
1857, 0.004125
1858, 0.004011
1859, 0.004156
1860, 0.003942
1861, 0.003912
1862, 0.003839
1863, 0.004096
1864, 0.003971
1865, 0.004005
1866, 0.003775
1867, 0.004121
1868, 0.004241
1869, 0.004101
1870, 0.003863
1871, 0.004055
1872, 0.003877
1873, 0.004335
1874, 0.003918
1875, 0.004177
1876, 0.003933
1877, 0.00413
1878, 0.004041
1879, 0.004294
1880, 0.004194
1881, 0.004289
1882, 0.003928
1883, 0.004179
1884, 0.00408
1885, 0.004347
1886, 0.00428
1887, 0.00429
1888, 0.004067
1889, 0.00439
1890, 0.004228
1891, 0.00483
1892, 0.004306
1893, 0.004115
1894, 0.004024
1895, 0.004134
1896, 0.004248
1897, 0.004057
1898, 0.004151
1899, 0.00415
1900, 0.004284
1901, 0.004166
1902, 0.004483
1903, 0.004258
1904, 0.004256
1905, 0.003995
1906, 0.004421
1907, 0.004059
1908, 0.004303
1909, 0.003927
1910, 0.004257
1911, 0.004197
1912, 0.00436
1913, 0.004216
1914, 0.004278
1915, 0.004153
1916, 0.004241
1917, 0.004162
1918, 0.004449
1919, 0.00423
1920, 0.004194
1921, 0.004222
1922, 0.00458
1923, 0.004473
1924, 0.004036
1925, 0.003984
1926, 0.004192
1927, 0.004364
1928, 0.004159
1929, 0.004364
1930, 0.00459
1931, 0.004563
1932, 0.004373
1933, 0.004689
1934, 0.004261
1935, 0.004313
1936, 0.004256
1937, 0.004508
1938, 0.004373
1939, 0.004223
1940, 0.004057
1941, 0.004314
1942, 0.00455
1943, 0.004392
1944, 0.004533
1945, 0.004093
1946, 0.004506
1947, 0.004102
1948, 0.004509
1949, 0.00436
1950, 0.004318
1951, 0.004087
1952, 0.004738
1953, 0.004665
1954, 0.004442
1955, 0.004198
1956, 0.004265
1957, 0.004463
1958, 0.004315
1959, 0.004506
1960, 0.004255
1961, 0.004699
1962, 0.004547
1963, 0.004691
1964, 0.004505
1965, 0.004403
1966, 0.00435
1967, 0.004634
1968, 0.004614
1969, 0.004279
1970, 0.00442
1971, 0.004297
1972, 0.004649
1973, 0.004495
1974, 0.004546
1975, 0.00448
1976, 0.004505
1977, 0.00428
1978, 0.004569
1979, 0.004578
1980, 0.00435
1981, 0.004761
1982, 0.004701
1983, 0.004733
1984, 0.004293
1985, 0.004557
1986, 0.004527
1987, 0.004446
1988, 0.004502
1989, 0.004572
1990, 0.004641
1991, 0.004644
1992, 0.004856
1993, 0.00457
1994, 0.004493
1995, 0.004486
1996, 0.004524
1997, 0.004779
1998, 0.004356
1999, 0.00461
2000, 0.00457
2001, 0.004836
2002, 0.004685
2003, 0.004625
2004, 0.00472
2005, 0.004832
2006, 0.005286
2007, 0.004894
2008, 0.004647
2009, 0.00477
2010, 0.004837
2011, 0.004834
2012, 0.004328
2013, 0.004653
2014, 0.004634
2015, 0.004785
2016, 0.004772
2017, 0.004614
2018, 0.004755
2019, 0.004831
2020, 0.005
2021, 0.004815
2022, 0.004502
2023, 0.004843
2024, 0.005089
2025, 0.00469
2026, 0.004588
2027, 0.004797
2028, 0.004859
2029, 0.004847
2030, 0.004874
2031, 0.005284
2032, 0.005511
2033, 0.005576
2034, 0.004987
2035, 0.004929
2036, 0.004993
2037, 0.005248
2038, 0.004765
2039, 0.005034
2040, 0.004851
2041, 0.005059
2042, 0.005219
2043, 0.004881
2044, 0.00477
2045, 0.005374
2046, 0.005342
2047, 0.004938
2048, 0.004853
2049, 0.004741
2050, 0.004925
2051, 0.004981
2052, 0.005267
2053, 0.004995
2054, 0.004948
2055, 0.005201
2056, 0.005031
2057, 0.004667
2058, 0.004909
2059, 0.004745
2060, 0.004928
2061, 0.004713
2062, 0.004875
2063, 0.0051
2064, 0.005171
2065, 0.004847
2066, 0.004917
2067, 0.004932
2068, 0.005026
2069, 0.004887
2070, 0.004885
2071, 0.004946
2072, 0.00525
2073, 0.00527
2074, 0.004953
2075, 0.004836
2076, 0.00503
2077, 0.004682
2078, 0.005239
2079, 0.005088
2080, 0.005013
2081, 0.005339
2082, 0.00539
2083, 0.005023
2084, 0.004887
2085, 0.005092
2086, 0.005073
2087, 0.004893
2088, 0.005708
2089, 0.005308
2090, 0.005082
2091, 0.005215
2092, 0.005245
2093, 0.004792
2094, 0.005256
2095, 0.005132
2096, 0.004869
2097, 0.005107
2098, 0.005351
2099, 0.005149
2100, 0.005191
2101, 0.00501
2102, 0.005043
2103, 0.004836
2104, 0.005205
2105, 0.00538
2106, 0.005147
2107, 0.005598
2108, 0.005569
2109, 0.005045
2110, 0.005152
2111, 0.005223
2112, 0.005275
2113, 0.005326
2114, 0.005224
2115, 0.005128
2116, 0.005434
2117, 0.005297
2118, 0.005068
2119, 0.005149
2120, 0.005121
2121, 0.005148
2122, 0.005165
2123, 0.005092
2124, 0.005222
2125, 0.005587
2126, 0.00513
2127, 0.005204
2128, 0.005172
2129, 0.005215
2130, 0.005271
2131, 0.004994
2132, 0.005349
2133, 0.005481
2134, 0.005316
2135, 0.005211
2136, 0.005329
2137, 0.005064
2138, 0.005294
2139, 0.005253
2140, 0.005019
2141, 0.005349
2142, 0.005521
2143, 0.005215
2144, 0.005278
2145, 0.005155
2146, 0.005186
2147, 0.005099
2148, 0.005484
2149, 0.005521
2150, 0.005727
2151, 0.005476
2152, 0.00531
2153, 0.005143
2154, 0.005375
2155, 0.005363
2156, 0.005655
2157, 0.005159
2158, 0.005593
2159, 0.005716
2160, 0.005216
2161, 0.005285
2162, 0.005336
2163, 0.00538
2164, 0.005414
2165, 0.005041
2166, 0.00579
2167, 0.00552
2168, 0.005134
2169, 0.005262
2170, 0.005593
2171, 0.005279
2172, 0.005387
2173, 0.005568
2174, 0.00562
2175, 0.005567
2176, 0.005759
2177, 0.005227
2178, 0.00569
2179, 0.005565
2180, 0.005427
2181, 0.005734
2182, 0.005726
2183, 0.006095
2184, 0.005313
2185, 0.0054
2186, 0.005472
2187, 0.005376
2188, 0.005693
2189, 0.005304
2190, 0.005751
2191, 0.005665
2192, 0.005579
2193, 0.005648
2194, 0.005403
2195, 0.005442
2196, 0.005586
2197, 0.005468
2198, 0.005768
2199, 0.005781
2200, 0.005422
2201, 0.005501
2202, 0.005467
2203, 0.005447
2204, 0.005829
2205, 0.005586
2206, 0.005776
2207, 0.005849
2208, 0.005662
2209, 0.005367
2210, 0.005791
2211, 0.005695
2212, 0.005403
2213, 0.005691
2214, 0.00579
2215, 0.005697
2216, 0.005585
2217, 0.005748
2218, 0.00537
2219, 0.005901
2220, 0.005666
2221, 0.005542
2222, 0.005985
2223, 0.005798
2224, 0.005615
2225, 0.005505
2226, 0.005658
2227, 0.005706
2228, 0.005677
2229, 0.005767
2230, 0.006101
2231, 0.005779
2232, 0.005519
2233, 0.005802
2234, 0.00578
2235, 0.005432
2236, 0.00569
2237, 0.006102
2238, 0.005769
2239, 0.005707
2240, 0.005953
2241, 0.005465
2242, 0.00602
2243, 0.005805
2244, 0.005925
2245, 0.006054
2246, 0.005773
2247, 0.005699
2248, 0.005798
2249, 0.005562
2250, 0.00586
2251, 0.005884
2252, 0.005983
2253, 0.005842
2254, 0.005923
2255, 0.00567
2256, 0.005981
2257, 0.005883
2258, 0.005635
2259, 0.005907
2260, 0.006039
2261, 0.005932
2262, 0.005961
2263, 0.005692
2264, 0.005896
2265, 0.006063
2266, 0.005707
2267, 0.006545
2268, 0.006057
2269, 0.0057
2270, 0.005885
2271, 0.005792
2272, 0.006037
2273, 0.005874
2274, 0.005977
2275, 0.006273
2276, 0.006117
2277, 0.005752
2278, 0.006055
2279, 0.00604
2280, 0.005815
2281, 0.006439
2282, 0.00622
2283, 0.006188
2284, 0.006043
2285, 0.005822
2286, 0.006079
2287, 0.006026
2288, 0.005952
2289, 0.006436
2290, 0.006371
2291, 0.00618
2292, 0.00629
2293, 0.006081
2294, 0.006092
2295, 0.006304
2296, 0.006252
2297, 0.006266
2298, 0.005751
2299, 0.005934
2300, 0.00604
2301, 0.005748
2302, 0.006204
2303, 0.006143
2304, 0.006271
2305, 0.006314
2306, 0.006021
2307, 0.006072
2308, 0.006077
2309, 0.005934
2310, 0.006132
2311, 0.006527
2312, 0.006153
2313, 0.006014
2314, 0.006085
2315, 0.00617
2316, 0.006092
2317, 0.005918
2318, 0.006388
2319, 0.006464
2320, 0.005948
2321, 0.006154
2322, 0.006246
2323, 0.00614
2324, 0.006255
2325, 0.006223
2326, 0.006477
2327, 0.006355
2328, 0.006455
2329, 0.00667
2330, 0.006088
2331, 0.006303
2332, 0.006343
2333, 0.006306
2334, 0.006252
2335, 0.00637
2336, 0.006241
2337, 0.006246
2338, 0.006072
2339, 0.006413
2340, 0.006559
2341, 0.006222
2342, 0.006456
2343, 0.006389
2344, 0.006353
2345, 0.006526
2346, 0.006358
2347, 0.006627
2348, 0.006254
2349, 0.006515
2350, 0.006383
2351, 0.006109
2352, 0.006374
2353, 0.006541
2354, 0.006692
2355, 0.006405
2356, 0.006073
2357, 0.006422
2358, 0.006604
2359, 0.006122
2360, 0.00654
2361, 0.006559
2362, 0.006379
2363, 0.006399
2364, 0.006106
2365, 0.006598
2366, 0.006329
2367, 0.006751
2368, 0.00672
2369, 0.006217
2370, 0.006523
2371, 0.00632
2372, 0.006526
2373, 0.006575
2374, 0.006663
2375, 0.006689
2376, 0.00677
2377, 0.00664
2378, 0.006605
2379, 0.006067
2380, 0.006588
2381, 0.006745
2382, 0.006493
2383, 0.006583
2384, 0.006118
2385, 0.006612
2386, 0.006659
2387, 0.006695
2388, 0.00684
2389, 0.00631
2390, 0.006457
2391, 0.006498
2392, 0.006737
2393, 0.006773
2394, 0.006946
2395, 0.007062
2396, 0.006562
2397, 0.006743
2398, 0.006614
2399, 0.006274
2400, 0.006756
2401, 0.006776
2402, 0.006679
2403, 0.006604
2404, 0.006358
2405, 0.006763
2406, 0.006407
2407, 0.007152
2408, 0.006821
2409, 0.00653
2410, 0.006542
2411, 0.006437
2412, 0.006742
2413, 0.006861
2414, 0.006986
2415, 0.006847
2416, 0.006501
2417, 0.007015
2418, 0.006857
2419, 0.006926
2420, 0.006945
2421, 0.007072
2422, 0.006731
2423, 0.006489
2424, 0.006943
2425, 0.006843
2426, 0.006691
2427, 0.007035
2428, 0.006799
2429, 0.006845
2430, 0.006729
2431, 0.006929
2432, 0.007043
2433, 0.00673
2434, 0.007146
2435, 0.006542
2436, 0.006801
2437, 0.007016
2438, 0.006808
2439, 0.006744
2440, 0.007004
2441, 0.006962
2442, 0.007047
2443, 0.007049
2444, 0.007298
2445, 0.006939
2446, 0.006951
2447, 0.006842
2448, 0.006712
2449, 0.006955
2450, 0.0071
2451, 0.00713
2452, 0.006606
2453, 0.007638
2454, 0.007183
2455, 0.006793
2456, 0.006798
2457, 0.006966
2458, 0.006748
2459, 0.006677
2460, 0.007398
2461, 0.006723
2462, 0.006777
2463, 0.007082
2464, 0.007907
2465, 0.007252
2466, 0.007333
2467, 0.006997
2468, 0.006798
2469, 0.006972
2470, 0.007059
2471, 0.006844
2472, 0.007161
2473, 0.007202
2474, 0.006988
2475, 0.006824
2476, 0.006939
2477, 0.007205
2478, 0.007418
2479, 0.007415
2480, 0.007361
2481, 0.007154
2482, 0.00705
2483, 0.007281
2484, 0.00722
2485, 0.00756
2486, 0.007293
2487, 0.007378
2488, 0.007299
2489, 0.007117
2490, 0.007275
2491, 0.007577
2492, 0.007248
2493, 0.00715
2494, 0.007465
2495, 0.007054
2496, 0.007369
2497, 0.007562
2498, 0.00716
2499, 0.007237
2500, 0.007287
2501, 0.007237
2502, 0.007376
2503, 0.007583
2504, 0.007114
2505, 0.007618
2506, 0.007322
2507, 0.0076
2508, 0.007496
2509, 0.007578
2510, 0.007434
2511, 0.007219
2512, 0.007755
2513, 0.007199
2514, 0.007667
2515, 0.007509
2516, 0.007877
2517, 0.007301
2518, 0.007769
2519, 0.0074
2520, 0.007584
2521, 0.00764
2522, 0.007459
2523, 0.007337
2524, 0.007306
2525, 0.007254
2526, 0.007441
2527, 0.007465
2528, 0.007129
2529, 0.007193
2530, 0.007385
2531, 0.007216
2532, 0.00752
2533, 0.00752
2534, 0.007313
2535, 0.006974
2536, 0.007561
2537, 0.007153
2538, 0.007566
2539, 0.007474
2540, 0.007314
2541, 0.00736
2542, 0.007355
2543, 0.007365
2544, 0.007666
2545, 0.007712
2546, 0.007119
2547, 0.007496
2548, 0.007474
2549, 0.007352
2550, 0.007825
2551, 0.007512
2552, 0.007452
2553, 0.007705
2554, 0.007797
2555, 0.007526
2556, 0.00798
2557, 0.007724
2558, 0.007419
2559, 0.008002
2560, 0.007993
2561, 0.007589
2562, 0.007915
2563, 0.007627
2564, 0.007564
2565, 0.007609
2566, 0.008151
2567, 0.00811
2568, 0.008202
2569, 0.007888
2570, 0.007884
2571, 0.00782
2572, 0.008029
2573, 0.008063
2574, 0.007824
2575, 0.007902
2576, 0.007851
2577, 0.007987
2578, 0.008388
2579, 0.008023
2580, 0.007721
2581, 0.00776
2582, 0.008001
2583, 0.007769
2584, 0.008205
2585, 0.007918
2586, 0.007932
2587, 0.007817
2588, 0.008004
2589, 0.008048
2590, 0.008559
2591, 0.007875
2592, 0.007904
2593, 0.007746
2594, 0.007608
2595, 0.007813
2596, 0.007922
2597, 0.007805
2598, 0.007819
2599, 0.008168
2600, 0.007721
2601, 0.008257
2602, 0.008145
2603, 0.008022
2604, 0.007958
2605, 0.008236
2606, 0.008003
2607, 0.008516
2608, 0.00803
2609, 0.008228
2610, 0.007982
2611, 0.008202
2612, 0.008315
2613, 0.00825
2614, 0.008254
2615, 0.008206
2616, 0.008159
2617, 0.008287
2618, 0.008448
2619, 0.007887
2620, 0.007659
2621, 0.008292
2622, 0.008105
2623, 0.008183
2624, 0.007782
2625, 0.008028
2626, 0.007836
2627, 0.008258
2628, 0.008314
2629, 0.008057
2630, 0.007915
2631, 0.008138
2632, 0.008074
2633, 0.008303
2634, 0.008036
2635, 0.007822
2636, 0.008011
2637, 0.007829
2638, 0.008095
2639, 0.008488
2640, 0.008924
2641, 0.009981
2642, 0.009776
2643, 0.009959
2644, 0.01021
2645, 0.009041
2646, 0.009097
2647, 0.00915
2648, 0.008341
2649, 0.008836
2650, 0.008567
2651, 0.008034
2652, 0.008344
2653, 0.008992
2654, 0.008367
2655, 0.00926
2656, 0.008573
2657, 0.008701
2658, 0.008269
2659, 0.008695
2660, 0.008863
2661, 0.009089
2662, 0.008604
2663, 0.008257
2664, 0.008509
2665, 0.008239
2666, 0.008899
2667, 0.008936
2668, 0.008392
2669, 0.007998
2670, 0.00815
2671, 0.008601
2672, 0.009237
2673, 0.00904
2674, 0.009703
2675, 0.008634
2676, 0.008823
2677, 0.009643
2678, 0.00905
2679, 0.009144
2680, 0.008846
2681, 0.008704
2682, 0.008716
2683, 0.008979
2684, 0.008747
2685, 0.008388
2686, 0.009021
2687, 0.008616
2688, 0.008704
2689, 0.008472
2690, 0.008959
2691, 0.008612
2692, 0.008678
2693, 0.008766
2694, 0.008841
2695, 0.008564
2696, 0.008667
2697, 0.008185
2698, 0.008833
2699, 0.008377
2700, 0.008452
2701, 0.008492
2702, 0.008434
2703, 0.008728
2704, 0.008546
2705, 0.008164
2706, 0.008514
2707, 0.008321
2708, 0.008724
2709, 0.008658
2710, 0.008912
2711, 0.008134
2712, 0.008549
2713, 0.008533
2714, 0.008658
2715, 0.008808
2716, 0.008538
2717, 0.008515
2718, 0.008063
2719, 0.008569
2720, 0.008598
2721, 0.00847
2722, 0.008442
2723, 0.008983
2724, 0.008229
2725, 0.008807
2726, 0.008259
2727, 0.008505
2728, 0.008465
2729, 0.008984
2730, 0.009181
2731, 0.008985
2732, 0.009227
2733, 0.008556
2734, 0.008668
2735, 0.009006
2736, 0.008783
2737, 0.008786
2738, 0.008796
2739, 0.009068
2740, 0.009165
2741, 0.008651
2742, 0.008707
2743, 0.008692
2744, 0.008715
2745, 0.008963
2746, 0.008872
2747, 0.008763
2748, 0.008428
2749, 0.008854
2750, 0.008764
2751, 0.009045
2752, 0.008641
2753, 0.008632
2754, 0.008439
2755, 0.00878
2756, 0.008522
2757, 0.008633
2758, 0.009041
2759, 0.009148
2760, 0.009035
2761, 0.008798
2762, 0.008859
2763, 0.008473
2764, 0.00883
2765, 0.008851
2766, 0.008795
2767, 0.008698
2768, 0.008857
2769, 0.008656
2770, 0.008919
2771, 0.008801
2772, 0.009079
2773, 0.009187
2774, 0.00888
2775, 0.009042
2776, 0.009063
2777, 0.009097
2778, 0.008699
2779, 0.009313
2780, 0.009105
2781, 0.008994
2782, 0.009076
2783, 0.009054
2784, 0.009383
2785, 0.008997
2786, 0.009297
2787, 0.009027
2788, 0.009198
2789, 0.009382
2790, 0.009062
2791, 0.008949
2792, 0.008934
2793, 0.008837
2794, 0.009866
2795, 0.009252
2796, 0.009268
2797, 0.008992
2798, 0.009088
2799, 0.009251
2800, 0.00905
2801, 0.00918
2802, 0.009247
2803, 0.008977
2804, 0.009521
2805, 0.009175
2806, 0.009227
2807, 0.009304
2808, 0.009437
2809, 0.00939
2810, 0.009293
2811, 0.009302
2812, 0.008917
2813, 0.009414
2814, 0.008823
2815, 0.009006
2816, 0.008873
2817, 0.009042
2818, 0.009367
2819, 0.009
2820, 0.009266
2821, 0.00911
2822, 0.009214
2823, 0.009298
2824, 0.009358
2825, 0.009376
2826, 0.009265
2827, 0.009959
2828, 0.00944
2829, 0.009416
2830, 0.00911
2831, 0.009195
2832, 0.009563
2833, 0.009157
2834, 0.009386
2835, 0.009122
2836, 0.009494
2837, 0.009682
2838, 0.010054
2839, 0.010952
2840, 0.01012
2841, 0.010608
2842, 0.010249
2843, 0.009346
2844, 0.00927
2845, 0.009216
2846, 0.009437
2847, 0.009022
2848, 0.009311
2849, 0.009492
2850, 0.00939
2851, 0.009536
2852, 0.009197
2853, 0.009162
2854, 0.009072
2855, 0.009548
2856, 0.009369
2857, 0.00916
2858, 0.009351
2859, 0.009114
2860, 0.00954
2861, 0.009067
2862, 0.009386
2863, 0.009276
2864, 0.009566
2865, 0.009479
2866, 0.009327
2867, 0.009565
2868, 0.009415
2869, 0.009619
2870, 0.00926
2871, 0.009324
2872, 0.009601
2873, 0.00945
2874, 0.009525
2875, 0.009051
2876, 0.009428
2877, 0.009432
2878, 0.009819
2879, 0.00947
2880, 0.009784
2881, 0.009628
2882, 0.009523
2883, 0.009502
2884, 0.0093
2885, 0.009444
2886, 0.009671
2887, 0.009714
2888, 0.009536
2889, 0.009653
2890, 0.009633
2891, 0.010816
2892, 0.011955
2893, 0.009596
2894, 0.009684
2895, 0.009588
2896, 0.009584
2897, 0.010334
2898, 0.009817
2899, 0.009594
2900, 0.009173
2901, 0.010206
2902, 0.009486
2903, 0.009689
2904, 0.009818
2905, 0.010365
2906, 0.009957
2907, 0.009364
2908, 0.009648
2909, 0.009631
2910, 0.009876
2911, 0.009717
2912, 0.00976
2913, 0.00938
2914, 0.009697
2915, 0.009861
2916, 0.009702
2917, 0.009824
2918, 0.009514
2919, 0.009981
2920, 0.009473
2921, 0.010244
2922, 0.009522
2923, 0.009984
2924, 0.01002
2925, 0.009855
2926, 0.009742
2927, 0.010094
2928, 0.010154
2929, 0.009548
2930, 0.00978
2931, 0.009844
2932, 0.009965
2933, 0.010719
2934, 0.009764
2935, 0.009883
2936, 0.01013
2937, 0.009968
2938, 0.009934
2939, 0.009691
2940, 0.01015
2941, 0.010338
2942, 0.010409
2943, 0.011434
2944, 0.012057
2945, 0.010302
2946, 0.01007
2947, 0.010094
2948, 0.010084
2949, 0.010082
2950, 0.009769
2951, 0.009771
2952, 0.009967
2953, 0.010337
2954, 0.01026
2955, 0.010245
2956, 0.010038
2957, 0.009961
2958, 0.010236
2959, 0.009765
2960, 0.010004
2961, 0.010098
2962, 0.010207
2963, 0.010022
2964, 0.009773
2965, 0.009933
2966, 0.010693
2967, 0.010861
2968, 0.009955
2969, 0.010082
2970, 0.009838
2971, 0.010292
2972, 0.010008
2973, 0.009975
2974, 0.010116
2975, 0.01009
2976, 0.010329
2977, 0.009958
2978, 0.009741
2979, 0.010195
2980, 0.010476
2981, 0.010048
2982, 0.010339
2983, 0.010738
2984, 0.010543
2985, 0.009872
2986, 0.010257
2987, 0.010573
2988, 0.010455
2989, 0.010625
2990, 0.010623
2991, 0.009923
2992, 0.01035
2993, 0.010354
2994, 0.010119
2995, 0.010489
2996, 0.011146
2997, 0.010903
2998, 0.010759
2999, 0.010417
3000, 0.010215
3001, 0.011658
3002, 0.010555
3003, 0.010903
3004, 0.010446
3005, 0.010826
3006, 0.010306
3007, 0.010393
3008, 0.01031
3009, 0.010482
3010, 0.010177
3011, 0.010348
3012, 0.010372
3013, 0.010442
3014, 0.010423
3015, 0.010368
3016, 0.010311
3017, 0.01031
3018, 0.010594
3019, 0.010528
3020, 0.010493
3021, 0.01049
3022, 0.010661
3023, 0.010412
3024, 0.010269
3025, 0.010108
3026, 0.010904
3027, 0.009879
3028, 0.010425
3029, 0.010322
3030, 0.010857
3031, 0.010743
3032, 0.010968
3033, 0.010401
3034, 0.011212
3035, 0.010393
3036, 0.010445
3037, 0.010695
3038, 0.010918
3039, 0.010878
3040, 0.010552
3041, 0.011079
3042, 0.010692
3043, 0.010931
3044, 0.010489
3045, 0.010562
3046, 0.01053
3047, 0.010891
3048, 0.010926
3049, 0.011071
3050, 0.01049
3051, 0.011361
3052, 0.011239
3053, 0.011804
3054, 0.011983
3055, 0.011617
3056, 0.011391
3057, 0.0112
3058, 0.01145
3059, 0.010987
3060, 0.011372
3061, 0.010352
3062, 0.011347
3063, 0.010953
3064, 0.011221
3065, 0.011603
3066, 0.012381
3067, 0.011038
3068, 0.011286
3069, 0.011169
3070, 0.01229
3071, 0.010876
3072, 0.011896
3073, 0.011379
3074, 0.011722
3075, 0.012049
3076, 0.012225
3077, 0.011714
3078, 0.011328
3079, 0.011018
3080, 0.012786
3081, 0.011564
3082, 0.011048
3083, 0.011307
3084, 0.010811
3085, 0.01283
3086, 0.011413
3087, 0.011166
3088, 0.011084
3089, 0.01153
3090, 0.011181
3091, 0.011092
3092, 0.011017
3093, 0.011976
3094, 0.011048
3095, 0.010893
3096, 0.011384
3097, 0.01175
3098, 0.011364
3099, 0.010891
3100, 0.01113
3101, 0.010881
3102, 0.010895
3103, 0.010823
3104, 0.011021
3105, 0.011218
3106, 0.010658
3107, 0.010475
3108, 0.011268
3109, 0.010846
3110, 0.010998
3111, 0.011342
3112, 0.01134
3113, 0.010617
3114, 0.010924
3115, 0.011154
3116, 0.011882
3117, 0.011587
3118, 0.011806
3119, 0.011121
3120, 0.011406
3121, 0.011297
3122, 0.011003
3123, 0.011416
3124, 0.013255
3125, 0.012525
3126, 0.012456
3127, 0.012294
3128, 0.011965
3129, 0.011108
3130, 0.011418
3131, 0.011398
3132, 0.011675
3133, 0.011394
3134, 0.011107
3135, 0.0118
3136, 0.011435
3137, 0.011582
3138, 0.011985
3139, 0.011957
3140, 0.011692
3141, 0.011735
3142, 0.011493
3143, 0.011629
3144, 0.011348
3145, 0.011436
3146, 0.011344
3147, 0.011683
3148, 0.011125
3149, 0.011328
3150, 0.01119
3151, 0.011426
3152, 0.011264
3153, 0.011695
3154, 0.011626
3155, 0.01165
3156, 0.011462
3157, 0.011224
3158, 0.011639
3159, 0.011355
3160, 0.011677
3161, 0.011104
3162, 0.012395
3163, 0.011603
3164, 0.011905
3165, 0.012056
3166, 0.01233
3167, 0.011607
3168, 0.011618
3169, 0.012303
3170, 0.012428
3171, 0.01211
3172, 0.011478
3173, 0.012171
3174, 0.011552
3175, 0.011809
3176, 0.011819
3177, 0.012161
3178, 0.011557
3179, 0.011714
3180, 0.012106
3181, 0.011844
3182, 0.012105
3183, 0.01163
3184, 0.012057
3185, 0.011778
3186, 0.011823
3187, 0.011903
3188, 0.012441
3189, 0.012005
3190, 0.011632
3191, 0.012335
3192, 0.011653
3193, 0.011769
3194, 0.011504
3195, 0.01216
3196, 0.01149
3197, 0.011735
3198, 0.011833
3199, 0.011944
3200, 0.011922
3201, 0.011867
3202, 0.011994
3203, 0.011805
3204, 0.011659
3205, 0.012145
3206, 0.013063
3207, 0.012695
3208, 0.01171
3209, 0.011902
3210, 0.012551
3211, 0.012375
3212, 0.012197
3213, 0.012322
3214, 0.012003
3215, 0.01252
3216, 0.011656
3217, 0.012291
3218, 0.011878
3219, 0.011897
3220, 0.011944
3221, 0.012346
3222, 0.012181
3223, 0.012052
3224, 0.012598
3225, 0.012208
3226, 0.012026
3227, 0.012158
3228, 0.013189
3229, 0.01315
3230, 0.013231
3231, 0.013091
3232, 0.012463
3233, 0.012443
3234, 0.012626
3235, 0.012862
3236, 0.012584
3237, 0.012479
3238, 0.012467
3239, 0.012552
3240, 0.012612
3241, 0.012147
3242, 0.012527
3243, 0.01219
3244, 0.01283
3245, 0.0131
3246, 0.012544
3247, 0.01257
3248, 0.01199
3249, 0.013243
3250, 0.01238
3251, 0.012451
3252, 0.012436
3253, 0.012343
3254, 0.012479
3255, 0.012232
3256, 0.01272
3257, 0.012105
3258, 0.012232
3259, 0.012658
3260, 0.012699
3261, 0.012561
3262, 0.012292
3263, 0.012526
3264, 0.012585
3265, 0.012366
3266, 0.01284
3267, 0.012517
3268, 0.012415
3269, 0.012491
3270, 0.01313
3271, 0.012445
3272, 0.012664
3273, 0.01252
3274, 0.012449
3275, 0.012777
3276, 0.012266
3277, 0.012934
3278, 0.012374
3279, 0.012744
3280, 0.012676
3281, 0.012857
3282, 0.012498
3283, 0.012605
3284, 0.013729
3285, 0.012714
3286, 0.012757
3287, 0.012822
3288, 0.013022
3289, 0.01263
3290, 0.012642
3291, 0.012993
3292, 0.012419
3293, 0.013046
3294, 0.012831
3295, 0.012918
3296, 0.012391
3297, 0.01277
3298, 0.0133
3299, 0.012616
3300, 0.012817
3301, 0.012658
3302, 0.012728
3303, 0.012903
3304, 0.012372
3305, 0.013284
3306, 0.012725
3307, 0.012702
3308, 0.013049
3309, 0.01311
3310, 0.012809
3311, 0.012621
3312, 0.013065
3313, 0.012662
3314, 0.012802
3315, 0.01262
3316, 0.012862
3317, 0.012331
3318, 0.01264
3319, 0.013231
3320, 0.012256
3321, 0.012519
3322, 0.013145
3323, 0.013418
3324, 0.01291
3325, 0.01288
3326, 0.01321
3327, 0.013292
3328, 0.013079
3329, 0.013173
3330, 0.012827
3331, 0.012624
3332, 0.012986
3333, 0.013355
3334, 0.013103
3335, 0.013167
3336, 0.013343
3337, 0.012799
3338, 0.01319
3339, 0.013072
3340, 0.012961
3341, 0.01297
3342, 0.013175
3343, 0.013518
3344, 0.013103
3345, 0.012933
3346, 0.013148
3347, 0.013183
3348, 0.013445
3349, 0.013139
3350, 0.012864
3351, 0.013332
3352, 0.012853
3353, 0.013505
3354, 0.012756
3355, 0.012548
3356, 0.013924
3357, 0.013189
3358, 0.013109
3359, 0.013336
3360, 0.013089
3361, 0.013084
3362, 0.013589
3363, 0.013791
3364, 0.012957
3365, 0.012938
3366, 0.013704
3367, 0.013144
3368, 0.013683
3369, 0.013173
3370, 0.012693
3371, 0.012975
3372, 0.013402
3373, 0.013862
3374, 0.01359
3375, 0.013818
3376, 0.0135
3377, 0.01293
3378, 0.013007
3379, 0.013374
3380, 0.013471
3381, 0.013267
3382, 0.013258
3383, 0.013528
3384, 0.013305
3385, 0.013424
3386, 0.013845
3387, 0.012979
3388, 0.013411
3389, 0.013539
3390, 0.013859
3391, 0.013654
3392, 0.013145
3393, 0.013769
3394, 0.013223
3395, 0.013672
3396, 0.013764
3397, 0.013413
3398, 0.014075
3399, 0.014038
3400, 0.01344
3401, 0.013275
3402, 0.014033
3403, 0.014136
3404, 0.013529
3405, 0.013596
3406, 0.014216
3407, 0.013454
3408, 0.013739
3409, 0.013695
3410, 0.013154
3411, 0.013457
3412, 0.014173
3413, 0.014148
3414, 0.014045
3415, 0.014385
3416, 0.013893
3417, 0.013673
3418, 0.013588
3419, 0.014312
3420, 0.013661
3421, 0.014062
3422, 0.014055
3423, 0.013587
3424, 0.0139
3425, 0.014059
3426, 0.01373
3427, 0.014264
3428, 0.014158
3429, 0.014223
3430, 0.013665
3431, 0.013603
3432, 0.014477
3433, 0.014205
3434, 0.01394
3435, 0.014106
3436, 0.013891
3437, 0.013697
3438, 0.014305
3439, 0.014376
3440, 0.014114
3441, 0.015541
3442, 0.014368
3443, 0.014356
3444, 0.014331
3445, 0.015597
3446, 0.01538
3447, 0.015336
3448, 0.014375
3449, 0.014297
3450, 0.013974
3451, 0.014324
3452, 0.013884
3453, 0.014217
3454, 0.014727
3455, 0.013752
3456, 0.014225
3457, 0.014379
3458, 0.014528
3459, 0.01402
3460, 0.014573
3461, 0.013879
3462, 0.013983
3463, 0.014162
3464, 0.013866
3465, 0.013917
3466, 0.014274
3467, 0.014536
3468, 0.014498
3469, 0.015138
3470, 0.015034
3471, 0.014317
3472, 0.014217
3473, 0.01383
3474, 0.013944
3475, 0.014234
3476, 0.014074
3477, 0.013949
3478, 0.014296
3479, 0.014595
3480, 0.014233
3481, 0.014122
3482, 0.014175
3483, 0.014206
3484, 0.014198
3485, 0.014424
3486, 0.014129
3487, 0.014165
3488, 0.015426
3489, 0.014895
3490, 0.014783
3491, 0.014698
3492, 0.014133
3493, 0.014147
3494, 0.014443
3495, 0.014856
3496, 0.015253
3497, 0.015613
3498, 0.014087
3499, 0.013858
3500, 0.01457
3501, 0.013973
3502, 0.01402
3503, 0.014491
3504, 0.014175
3505, 0.014182
3506, 0.014484
3507, 0.014057
3508, 0.014106
3509, 0.014471
3510, 0.014922
3511, 0.014499
3512, 0.014575
3513, 0.01527
3514, 0.015313
3515, 0.014851
3516, 0.014002
3517, 0.014404
3518, 0.015066
3519, 0.01558
3520, 0.014485
3521, 0.014562
3522, 0.014705
3523, 0.014527
3524, 0.014675
3525, 0.014574
3526, 0.014462
3527, 0.014449
3528, 0.014753
3529, 0.014412
3530, 0.014476
3531, 0.014707
3532, 0.014521
3533, 0.014887
3534, 0.01498
3535, 0.014656
3536, 0.013927
3537, 0.014639
3538, 0.014189
3539, 0.01488
3540, 0.015728
3541, 0.014949
3542, 0.015443
3543, 0.014996
3544, 0.014404
3545, 0.014252
3546, 0.014869
3547, 0.014698
3548, 0.014675
3549, 0.014489
3550, 0.014732
3551, 0.015186
3552, 0.014906
3553, 0.014416
3554, 0.01473
3555, 0.014633
3556, 0.014538
3557, 0.014958
3558, 0.014679
3559, 0.015163
3560, 0.016078
3561, 0.015364
3562, 0.015316
3563, 0.015688
3564, 0.01565
3565, 0.017316
3566, 0.0161
3567, 0.015392
3568, 0.015266
3569, 0.015604
3570, 0.015147
3571, 0.015701
3572, 0.015767
3573, 0.015079
3574, 0.015504
3575, 0.015583
3576, 0.014993
3577, 0.015425
3578, 0.015927
3579, 0.015379
3580, 0.015769
3581, 0.015769
3582, 0.015442
3583, 0.015226
3584, 0.016178
3585, 0.01526
3586, 0.015274
3587, 0.016227
3588, 0.015039
3589, 0.015124
3590, 0.015655
3591, 0.015766
3592, 0.015602
3593, 0.015549
3594, 0.015492
3595, 0.015481
3596, 0.015676
3597, 0.015261
3598, 0.015531
3599, 0.015845
3600, 0.015705
3601, 0.015125
3602, 0.01546
3603, 0.016329
3604, 0.018186
3605, 0.017263
3606, 0.017984
3607, 0.016428
3608, 0.015657
3609, 0.015454
3610, 0.015769
3611, 0.015839
3612, 0.015795
3613, 0.016119
3614, 0.01562
3615, 0.015389
3616, 0.017838
3617, 0.016369
3618, 0.015985
3619, 0.016163
3620, 0.015835
3621, 0.015397
3622, 0.016846
3623, 0.016118
3624, 0.015955
3625, 0.016852
3626, 0.016491
3627, 0.015914
3628, 0.016475
3629, 0.015806
3630, 0.015987
3631, 0.017594
3632, 0.017031
3633, 0.015718
3634, 0.015889
3635, 0.015699
3636, 0.01576
3637, 0.016144
3638, 0.015595
3639, 0.015947
3640, 0.015566
3641, 0.01626
3642, 0.015753
3643, 0.015282
3644, 0.015592
3645, 0.01554
3646, 0.014986
3647, 0.015436
3648, 0.015936
3649, 0.015697
3650, 0.015845
3651, 0.016424
3652, 0.015768
3653, 0.015399
3654, 0.015804
3655, 0.015565
3656, 0.015576
3657, 0.01598
3658, 0.015856
3659, 0.01541
3660, 0.01582
3661, 0.015356
3662, 0.01513
3663, 0.015645
3664, 0.015942
3665, 0.015711
3666, 0.015685
3667, 0.015381
3668, 0.015498
3669, 0.01558
3670, 0.015488
3671, 0.015127
3672, 0.015731
3673, 0.015664
3674, 0.015289
3675, 0.016164
3676, 0.01505
3677, 0.015456
3678, 0.015883
3679, 0.015397
3680, 0.01589
3681, 0.015676
3682, 0.015551
3683, 0.015644
3684, 0.015939
3685, 0.01577
3686, 0.015475
3687, 0.016073
3688, 0.015897
3689, 0.016366
3690, 0.016093
3691, 0.015972
3692, 0.015247
3693, 0.016645
3694, 0.01585
3695, 0.015502
3696, 0.015942
3697, 0.015862
3698, 0.01559
3699, 0.016142
3700, 0.015752
3701, 0.015605
3702, 0.017987
3703, 0.016769
3704, 0.016369
3705, 0.016793
3706, 0.016168
3707, 0.016603
3708, 0.015943
3709, 0.016132
3710, 0.016457
3711, 0.016107
3712, 0.015934
3713, 0.016613
3714, 0.016126
3715, 0.015835
3716, 0.016575
3717, 0.016116
3718, 0.015643
3719, 0.015907
3720, 0.015882
3721, 0.015953
3722, 0.01596
3723, 0.015973
3724, 0.01597
3725, 0.016268
3726, 0.016277
3727, 0.016515
3728, 0.016088
3729, 0.016137
3730, 0.016378
3731, 0.016717
3732, 0.015759
3733, 0.015778
3734, 0.016219
3735, 0.01622
3736, 0.01614
3737, 0.016666
3738, 0.015844
3739, 0.016126
3740, 0.016607
3741, 0.017024
3742, 0.015953
3743, 0.016962
3744, 0.016075
3745, 0.016427
3746, 0.017723
3747, 0.017255
3748, 0.019308
3749, 0.019748
3750, 0.019853
3751, 0.019847
3752, 0.020211
3753, 0.018459
3754, 0.018742
3755, 0.017524
3756, 0.017343
3757, 0.017871
3758, 0.018835
3759, 0.018388
3760, 0.019559
3761, 0.020275
3762, 0.01778
3763, 0.018205
3764, 0.017741
3765, 0.017359
3766, 0.017403
3767, 0.016075
3768, 0.016458
3769, 0.017035
3770, 0.017823
3771, 0.017883
3772, 0.018745
3773, 0.016771
3774, 0.017316
3775, 0.017385
3776, 0.016367
3777, 0.01694
3778, 0.016957
3779, 0.017337
3780, 0.01723
3781, 0.016591
3782, 0.016598
3783, 0.017174
3784, 0.017546
3785, 0.017956
3786, 0.017724
3787, 0.01722
3788, 0.018312
3789, 0.016952
3790, 0.017992
3791, 0.017463
3792, 0.01702
3793, 0.018971
3794, 0.018598
3795, 0.018205
3796, 0.01771
3797, 0.018012
3798, 0.019492
3799, 0.019026
3800, 0.019459
3801, 0.018817
3802, 0.017517
3803, 0.017466
3804, 0.017478
3805, 0.017463
3806, 0.018578
3807, 0.018085
3808, 0.01789
3809, 0.017552
3810, 0.018
3811, 0.019208
3812, 0.017855
3813, 0.022174
3814, 0.01851
3815, 0.020343
3816, 0.019315
3817, 0.019679
3818, 0.020757
3819, 0.019486
3820, 0.018622
3821, 0.018674
3822, 0.017997
3823, 0.019854
3824, 0.017406
3825, 0.018019
3826, 0.017714
3827, 0.0171
3828, 0.018276
3829, 0.018348
3830, 0.017689
3831, 0.017901
3832, 0.018094
3833, 0.019192
3834, 0.019611
3835, 0.017804
3836, 0.017629
3837, 0.016867
3838, 0.016268
3839, 0.017767
3840, 0.017111
3841, 0.017198
3842, 0.017793
3843, 0.017336
3844, 0.018026
3845, 0.017558
3846, 0.017398
3847, 0.017791
3848, 0.016611
3849, 0.016878
3850, 0.018642
3851, 0.018196
3852, 0.019292
3853, 0.018615
3854, 0.019507
3855, 0.019937
3856, 0.01796
3857, 0.017029
3858, 0.017708
3859, 0.018898
3860, 0.019454
3861, 0.019598
3862, 0.018994
3863, 0.018206
3864, 0.017719
3865, 0.016782
3866, 0.017633
3867, 0.017477
3868, 0.01735
3869, 0.016572
3870, 0.01692
3871, 0.017483
3872, 0.016823
3873, 0.017168
3874, 0.017391
3875, 0.018243
3876, 0.018745
3877, 0.018376
3878, 0.017565
3879, 0.018334
3880, 0.017624
3881, 0.017895
3882, 0.017317
3883, 0.017895
3884, 0.018182
3885, 0.017622
3886, 0.01841
3887, 0.018166
3888, 0.018405
3889, 0.01814
3890, 0.017809
3891, 0.017345
3892, 0.017191
3893, 0.017006
3894, 0.018004
3895, 0.017822
3896, 0.017438
3897, 0.018186
3898, 0.017297
3899, 0.01851
3900, 0.017204
3901, 0.017117
3902, 0.017685
3903, 0.017209
3904, 0.017824
3905, 0.017449
3906, 0.017082
3907, 0.017628
3908, 0.017485
3909, 0.017776
3910, 0.018766
3911, 0.019787
3912, 0.020997
3913, 0.018809
3914, 0.019394
3915, 0.01916
3916, 0.01916
3917, 0.019067
3918, 0.018734
3919, 0.019973
3920, 0.018555
3921, 0.018769
3922, 0.018737
3923, 0.019235
3924, 0.018714
3925, 0.018024
3926, 0.017966
3927, 0.018838
3928, 0.018149
3929, 0.018764
3930, 0.018816
3931, 0.018548
3932, 0.019002
3933, 0.018191
3934, 0.018903
3935, 0.018331
3936, 0.018652
3937, 0.018936
3938, 0.019051
3939, 0.019087
3940, 0.01841
3941, 0.019025
3942, 0.020003
3943, 0.020227
3944, 0.020189
3945, 0.019642
3946, 0.019987
3947, 0.01858
3948, 0.018552
3949, 0.018856
3950, 0.018022
3951, 0.018535
3952, 0.019319
3953, 0.01824
3954, 0.018599
3955, 0.018412
3956, 0.018303
3957, 0.018457
3958, 0.018968
3959, 0.020465
3960, 0.019974
3961, 0.018964
3962, 0.019499
3963, 0.018032
3964, 0.018991
3965, 0.018265
3966, 0.018799
3967, 0.01862
3968, 0.018788
3969, 0.019078
3970, 0.018218
3971, 0.019319
3972, 0.018525
3973, 0.018872
3974, 0.018742
3975, 0.019982
3976, 0.021674
3977, 0.019267
3978, 0.019143
3979, 0.01848
3980, 0.017781
3981, 0.018357
3982, 0.01828
3983, 0.017751
3984, 0.018823
3985, 0.01834
3986, 0.018643
3987, 0.019356
3988, 0.018768
3989, 0.018771
3990, 0.018427
3991, 0.019009
3992, 0.01941
3993, 0.019505
3994, 0.018882
3995, 0.018494
3996, 0.01966
3997, 0.019337
3998, 0.019214
3999, 0.0188
4000, 0.018496
4001, 0.018569
4002, 0.018254
4003, 0.018742
4004, 0.018578
4005, 0.018739
4006, 0.018918
4007, 0.018824
4008, 0.019135
4009, 0.018411
4010, 0.018508
4011, 0.019105
4012, 0.019216
4013, 0.019856
4014, 0.01897
4015, 0.018445
4016, 0.019082
4017, 0.019024
4018, 0.019183
4019, 0.019309
4020, 0.018544
4021, 0.01934
4022, 0.018637
4023, 0.019455
4024, 0.018957
4025, 0.018736
4026, 0.018999
4027, 0.01867
4028, 0.019374
4029, 0.019073
4030, 0.019323
4031, 0.019122
4032, 0.020549
4033, 0.020895
4034, 0.019909
4035, 0.020558
4036, 0.018845
4037, 0.01881
4038, 0.019037
4039, 0.019571
4040, 0.019246
4041, 0.018778
4042, 0.019098
4043, 0.019393
4044, 0.019808
4045, 0.020588
4046, 0.019612
4047, 0.019433
4048, 0.019886
4049, 0.020358
4050, 0.020492
4051, 0.02056
4052, 0.0196
4053, 0.021105
4054, 0.019379
4055, 0.018851
4056, 0.019719
4057, 0.019199
4058, 0.01976
4059, 0.019093
4060, 0.019445
4061, 0.019081
4062, 0.018938
4063, 0.019584
4064, 0.019152
4065, 0.020648
4066, 0.020231
4067, 0.021038
4068, 0.02086
4069, 0.020071
4070, 0.022856
4071, 0.022742
4072, 0.02353
4073, 0.023414
4074, 0.023259
4075, 0.02261
4076, 0.022921
4077, 0.023171
4078, 0.022965
4079, 0.023448
4080, 0.023161
4081, 0.022549
4082, 0.023918
4083, 0.024069
4084, 0.023963
4085, 0.023371
4086, 0.024375
4087, 0.023171
4088, 0.023481
4089, 0.023121
4090, 0.023827
4091, 0.023715
4092, 0.023586
4093, 0.023587
4094, 0.023608
4095, 0.024214
4096, 0.023117
4097, 0.02369
4098, 0.022643
4099, 0.022915
4100, 0.023002
4101, 0.023811
4102, 0.023697
4103, 0.025048
4104, 0.023954
4105, 0.02214
4106, 0.022009
4107, 0.023594
4108, 0.022351
4109, 0.025437
4110, 0.02206
4111, 0.02155
4112, 0.02116
4113, 0.022898
4114, 0.020635
4115, 0.02155
4116, 0.021753
4117, 0.019949
4118, 0.020549
4119, 0.019716
4120, 0.020208
4121, 0.020011
4122, 0.019953
4123, 0.020311
4124, 0.019741
4125, 0.020013
4126, 0.019826
4127, 0.020634
4128, 0.021029
4129, 0.021838
4130, 0.021783
4131, 0.021872
4132, 0.022237
4133, 0.021631
4134, 0.021017
4135, 0.01991
4136, 0.021105
4137, 0.01954
4138, 0.020648
4139, 0.019984
4140, 0.019775
4141, 0.02015
4142, 0.02007
4143, 0.020487
4144, 0.020328
4145, 0.02044
4146, 0.020402
4147, 0.020269
4148, 0.020208
4149, 0.020641
4150, 0.02114
4151, 0.020041
4152, 0.021001
4153, 0.020474
4154, 0.022243
4155, 0.02175
4156, 0.021334
4157, 0.020468
4158, 0.020631
4159, 0.020128
4160, 0.020972
4161, 0.020427
4162, 0.021372
4163, 0.020587
4164, 0.020684
4165, 0.021191
4166, 0.023011
4167, 0.02027
4168, 0.020572
4169, 0.021087
4170, 0.021444
4171, 0.021991
4172, 0.020682
4173, 0.021358
4174, 0.020685
4175, 0.021034
4176, 0.020388
4177, 0.020863
4178, 0.021023
4179, 0.020501
4180, 0.020697
4181, 0.020336
4182, 0.021115
4183, 0.021826
4184, 0.021058
4185, 0.020506
4186, 0.021008
4187, 0.021198
4188, 0.021197
4189, 0.020768
4190, 0.021039
4191, 0.02088
4192, 0.021132
4193, 0.021132
4194, 0.02112
4195, 0.020936
4196, 0.020814
4197, 0.021916
4198, 0.020469
4199, 0.020978
4200, 0.020456
4201, 0.02106
4202, 0.021237
4203, 0.021232
4204, 0.020566
4205, 0.021753
4206, 0.021912
4207, 0.024131
4208, 0.024059
4209, 0.023205
4210, 0.021822
4211, 0.022893
4212, 0.021826
4213, 0.021931
4214, 0.021983
4215, 0.021567
4216, 0.021419
4217, 0.021189
4218, 0.020993
4219, 0.021209
4220, 0.020605
4221, 0.020618
4222, 0.020924
4223, 0.020513
4224, 0.021246
4225, 0.020468
4226, 0.021309
4227, 0.020951
4228, 0.021028
4229, 0.020944
4230, 0.0213
4231, 0.020633
4232, 0.020023
4233, 0.020678
4234, 0.021654
4235, 0.021233
4236, 0.020952
4237, 0.02119
4238, 0.021104
4239, 0.021532
4240, 0.020817
4241, 0.021108
4242, 0.020718
4243, 0.020413
4244, 0.021128
4245, 0.020661
4246, 0.021389
4247, 0.020841
4248, 0.021389
4249, 0.021099
4250, 0.021551
4251, 0.02104
4252, 0.021531
4253, 0.02082
4254, 0.022007
4255, 0.022214
4256, 0.021549
4257, 0.022042
4258, 0.02131
4259, 0.0217
4260, 0.020611
4261, 0.021821
4262, 0.020845
4263, 0.02127
4264, 0.021375
4265, 0.021349
4266, 0.021147
4267, 0.021413
4268, 0.021561
4269, 0.021245
4270, 0.021163
4271, 0.021464
4272, 0.021382
4273, 0.020979
4274, 0.021419
4275, 0.020666
4276, 0.021062
4277, 0.020627
4278, 0.021479
4279, 0.021135
4280, 0.021489
4281, 0.020645
4282, 0.021577
4283, 0.021342
4284, 0.021723
4285, 0.021164
4286, 0.021522
4287, 0.021601
4288, 0.021706
4289, 0.022267
4290, 0.021646
4291, 0.021383
4292, 0.022122
4293, 0.022193
4294, 0.021028
4295, 0.021413
4296, 0.02227
4297, 0.022506
4298, 0.021539
4299, 0.021498
4300, 0.021285
4301, 0.021601
4302, 0.02099
4303, 0.021856
4304, 0.021335
4305, 0.021581
4306, 0.021713
4307, 0.021914
4308, 0.021909
4309, 0.021838
4310, 0.022165
4311, 0.022348
4312, 0.022909
4313, 0.021892
4314, 0.022038
4315, 0.021411
4316, 0.021261
4317, 0.021333
4318, 0.02189
4319, 0.021557
4320, 0.022413
4321, 0.021683
4322, 0.021586
4323, 0.02162
4324, 0.022088
4325, 0.021425
4326, 0.022122
4327, 0.022368
4328, 0.022237
4329, 0.021888
4330, 0.022292
4331, 0.021266
4332, 0.021497
4333, 0.020988
4334, 0.022466
4335, 0.021196
4336, 0.021701
4337, 0.021379
4338, 0.021969
4339, 0.021701
4340, 0.021857
4341, 0.021686
4342, 0.021627
4343, 0.021621
4344, 0.022432
4345, 0.021182
4346, 0.02197
4347, 0.021105
4348, 0.022061
4349, 0.021849
4350, 0.021364
4351, 0.021038
4352, 0.021933
4353, 0.021644
4354, 0.021501
4355, 0.021652
4356, 0.021764
4357, 0.023011
4358, 0.022467
4359, 0.022422
4360, 0.022396
4361, 0.022375
4362, 0.02241
4363, 0.021755
4364, 0.022156
4365, 0.022059
4366, 0.022307
4367, 0.022332
4368, 0.022432
4369, 0.022128
4370, 0.022477
4371, 0.021719
4372, 0.021607
4373, 0.021993
4374, 0.023279
4375, 0.022475
4376, 0.022482
4377, 0.022346
4378, 0.022439
4379, 0.022456
4380, 0.022503
4381, 0.022019
4382, 0.022777
4383, 0.021723
4384, 0.022596
4385, 0.021969
4386, 0.022411
4387, 0.022869
4388, 0.02457
4389, 0.02331
4390, 0.02277
4391, 0.022728
4392, 0.022812
4393, 0.022418
4394, 0.022573
4395, 0.022232
4396, 0.022405
4397, 0.022308
4398, 0.022275
4399, 0.021755
4400, 0.022534
4401, 0.021865
4402, 0.022256
4403, 0.021787
4404, 0.022073
4405, 0.021923
4406, 0.022235
4407, 0.021868
4408, 0.022191
4409, 0.022268
4410, 0.022351
4411, 0.022501
4412, 0.022415
4413, 0.021595
4414, 0.022767
4415, 0.023061
4416, 0.022895
4417, 0.022761
4418, 0.023122
4419, 0.022505
4420, 0.023975
4421, 0.022712
4422, 0.022904
4423, 0.023239
4424, 0.022819
4425, 0.022625
4426, 0.022935
4427, 0.022982
4428, 0.023568
4429, 0.023033
4430, 0.02269
4431, 0.022016
4432, 0.02272
4433, 0.023059
4434, 0.023762
4435, 0.022915
4436, 0.023209
4437, 0.023227
4438, 0.023243
4439, 0.022362
4440, 0.023506
4441, 0.022554
4442, 0.023427
4443, 0.022567
4444, 0.023251
4445, 0.023143
4446, 0.023351
4447, 0.02319
4448, 0.023386
4449, 0.022493
4450, 0.022693
4451, 0.02225
4452, 0.023154
4453, 0.022287
4454, 0.023165
4455, 0.023051
4456, 0.022794
4457, 0.022982
4458, 0.023348
4459, 0.022948
4460, 0.022883
4461, 0.022474
4462, 0.023422
4463, 0.023017
4464, 0.023788
4465, 0.023683
4466, 0.023917
4467, 0.023288
4468, 0.023246
4469, 0.023249
4470, 0.023574
4471, 0.02259
4472, 0.024011
4473, 0.023408
4474, 0.023796
4475, 0.023121
4476, 0.023578
4477, 0.023063
4478, 0.024336
4479, 0.022924
4480, 0.023237
4481, 0.022843
4482, 0.023395
4483, 0.023469
4484, 0.023451
4485, 0.022756
4486, 0.023455
4487, 0.022919
4488, 0.024649
4489, 0.024521
4490, 0.024859
4491, 0.023842
4492, 0.023519
4493, 0.023936
4494, 0.023885
4495, 0.024532
4496, 0.024039
4497, 0.023523
4498, 0.025966
4499, 0.026301
4500, 0.02509
4501, 0.024365
4502, 0.026104
4503, 0.024342
4504, 0.025353
4505, 0.024375
4506, 0.023883
4507, 0.023218
4508, 0.024585
4509, 0.024125
4510, 0.02477
4511, 0.026633
4512, 0.024898
4513, 0.025139
4514, 0.024297
4515, 0.024911
4516, 0.025751
4517, 0.023803
4518, 0.024227
4519, 0.024761
4520, 0.02468
4521, 0.022875
4522, 0.023939
4523, 0.02309
4524, 0.023704
4525, 0.023194
4526, 0.023267
4527, 0.023245
4528, 0.023606
4529, 0.024141
4530, 0.024347
4531, 0.023733
4532, 0.024065
4533, 0.024177
4534, 0.024565
4535, 0.023463
4536, 0.024399
4537, 0.023867
4538, 0.024219
4539, 0.023827
4540, 0.026304
4541, 0.025637
4542, 0.024992
4543, 0.023765
4544, 0.023819
4545, 0.023117
4546, 0.025087
4547, 0.024558
4548, 0.024904
4549, 0.023978
4550, 0.024581
4551, 0.025106
4552, 0.024719
4553, 0.023584
4554, 0.023791
4555, 0.024292
4556, 0.024113
4557, 0.023263
4558, 0.023543
4559, 0.023573
4560, 0.025928
4561, 0.024892
4562, 0.02463
4563, 0.024187
4564, 0.02489
4565, 0.024462
4566, 0.025157
4567, 0.02483
4568, 0.025139
4569, 0.025765
4570, 0.025683
4571, 0.02491
4572, 0.025292
4573, 0.024854
4574, 0.025311
4575, 0.024942
4576, 0.02557
4577, 0.024447
4578, 0.025115
4579, 0.024153
4580, 0.02483
4581, 0.024092
4582, 0.02509
4583, 0.025707
4584, 0.024848
4585, 0.025491
4586, 0.026386
4587, 0.023943
4588, 0.024787
4589, 0.024248
4590, 0.02498
4591, 0.024517
4592, 0.02605
4593, 0.024851
4594, 0.025498
4595, 0.025956
4596, 0.026421
4597, 0.027508
4598, 0.027186
4599, 0.02643
4600, 0.025847
4601, 0.025057
4602, 0.025009
4603, 0.026215
4604, 0.02609
4605, 0.024836
4606, 0.025192
4607, 0.024664
4608, 0.02495
4609, 0.025837
4610, 0.025899
4611, 0.025428
4612, 0.025659
4613, 0.025796
4614, 0.02605
4615, 0.02629
4616, 0.02552
4617, 0.025398
4618, 0.025061
4619, 0.025212
4620, 0.026424
4621, 0.027852
4622, 0.026115
4623, 0.02512
4624, 0.025716
4625, 0.025182
4626, 0.025463
4627, 0.025135
4628, 0.02695
4629, 0.025324
4630, 0.02529
4631, 0.024902
4632, 0.025859
4633, 0.024691
4634, 0.025
4635, 0.02472
4636, 0.026074
4637, 0.025404
4638, 0.025298
4639, 0.025306
4640, 0.025563
4641, 0.025457
4642, 0.026092
4643, 0.02559
4644, 0.02481
4645, 0.024706
4646, 0.02475
4647, 0.024896
4648, 0.025205
4649, 0.024902
4650, 0.02521
4651, 0.025139
4652, 0.025389
4653, 0.02516
4654, 0.025408
4655, 0.025348
4656, 0.025321
4657, 0.024595
4658, 0.02552
4659, 0.025244
4660, 0.02584
4661, 0.025202
4662, 0.025607
4663, 0.024838
4664, 0.025898
4665, 0.024647
4666, 0.025018
4667, 0.02528
4668, 0.025599
4669, 0.024794
4670, 0.025303
4671, 0.025261
4672, 0.027488
4673, 0.026344
4674, 0.026555
4675, 0.02636
4676, 0.025423
4677, 0.025185
4678, 0.027753
4679, 0.02668
4680, 0.025793
4681, 0.026222
4682, 0.026018
4683, 0.026328
4684, 0.026405
4685, 0.025805
4686, 0.025701
4687, 0.025251
4688, 0.025771
4689, 0.026217
4690, 0.026774
4691, 0.026243
4692, 0.026439
4693, 0.025543
4694, 0.026841
4695, 0.02671
4696, 0.026805
4697, 0.026246
4698, 0.026631
4699, 0.027172
4700, 0.028093
4701, 0.025449
4702, 0.025212
4703, 0.025435
4704, 0.026758
4705, 0.025851
4706, 0.026224
4707, 0.02624
4708, 0.02743
4709, 0.025708
4710, 0.026122
4711, 0.025369
4712, 0.02667
4713, 0.027038
4714, 0.025647
4715, 0.025395
4716, 0.026091
4717, 0.025287
4718, 0.025845
4719, 0.025343
4720, 0.026719
4721, 0.025763
4722, 0.026011
4723, 0.026173
4724, 0.026259
4725, 0.026117
4726, 0.026348
4727, 0.025957
4728, 0.026118
4729, 0.026143
4730, 0.026468
4731, 0.026216
4732, 0.027128
4733, 0.025905
4734, 0.026038
4735, 0.026486
4736, 0.026738
4737, 0.02564
4738, 0.028257
4739, 0.026039
4740, 0.027304
4741, 0.026401
4742, 0.026538
4743, 0.025223
4744, 0.025666
4745, 0.027228
4746, 0.027299
4747, 0.026993
4748, 0.027181
4749, 0.026294
4750, 0.026225
4751, 0.025781
4752, 0.027026
4753, 0.02819
4754, 0.026628
4755, 0.025843
4756, 0.026564
4757, 0.026636
4758, 0.026891
4759, 0.026095
4760, 0.02636
4761, 0.026388
4762, 0.026826
4763, 0.026456
4764, 0.026488
4765, 0.026403
4766, 0.026686
4767, 0.025587
4768, 0.028244
4769, 0.028197
4770, 0.030983
4771, 0.030197
4772, 0.029064
4773, 0.027101
4774, 0.026901
4775, 0.0267
4776, 0.026289
4777, 0.025796
4778, 0.026295
4779, 0.026132
4780, 0.026407
4781, 0.027219
4782, 0.026543
4783, 0.026379
4784, 0.026776
4785, 0.026791
4786, 0.02862
4787, 0.026817
4788, 0.026972
4789, 0.027586
4790, 0.027438
4791, 0.026371
4792, 0.026967
4793, 0.026746
4794, 0.027112
4795, 0.026754
4796, 0.027389
4797, 0.026888
4798, 0.027009
4799, 0.02674
4800, 0.027188
4801, 0.026951
4802, 0.026986
4803, 0.026056
4804, 0.027408
4805, 0.026747
4806, 0.027089
4807, 0.027117
4808, 0.027193
4809, 0.026487
4810, 0.027651
4811, 0.027087
4812, 0.027625
4813, 0.026752
4814, 0.027347
4815, 0.026592
4816, 0.027669
4817, 0.026145
4818, 0.0276
4819, 0.02711
4820, 0.027198
4821, 0.026248
4822, 0.026782
4823, 0.026612
4824, 0.027059
4825, 0.026051
4826, 0.026729
4827, 0.026517
4828, 0.028803
4829, 0.029254
4830, 0.027991
4831, 0.026405
4832, 0.028035
4833, 0.028062
4834, 0.02839
4835, 0.027004
4836, 0.02782
4837, 0.02656
4838, 0.02764
4839, 0.027331
4840, 0.028753
4841, 0.027273
4842, 0.028019
4843, 0.027218
4844, 0.028051
4845, 0.026969
4846, 0.027789
4847, 0.027407
4848, 0.02814
4849, 0.027087
4850, 0.027624
4851, 0.027347
4852, 0.02739
4853, 0.027007
4854, 0.027741
4855, 0.027618
4856, 0.027758
4857, 0.027186
4858, 0.027437
4859, 0.027615
4860, 0.027669
4861, 0.027085
4862, 0.028087
4863, 0.027511
4864, 0.027754
4865, 0.027833
4866, 0.027703
4867, 0.027053
4868, 0.027011
4869, 0.026986
4870, 0.027926
4871, 0.027596
4872, 0.027579
4873, 0.027132
4874, 0.027744
4875, 0.027166
4876, 0.027921
4877, 0.027709
4878, 0.028096
4879, 0.02765
4880, 0.027948
4881, 0.027438
4882, 0.028442
4883, 0.028475
4884, 0.028709
4885, 0.027746
4886, 0.028738
4887, 0.028119
4888, 0.028064
4889, 0.027335
4890, 0.028527
4891, 0.028052
4892, 0.028663
4893, 0.028157
4894, 0.027617
4895, 0.027322
4896, 0.028098
4897, 0.028549
4898, 0.028024
4899, 0.027217
4900, 0.027955
4901, 0.02823
4902, 0.028564
4903, 0.028553
4904, 0.028232
4905, 0.027885
4906, 0.029856
4907, 0.028486
4908, 0.028199
4909, 0.027684
4910, 0.029526
4911, 0.028485
4912, 0.029177
4913, 0.028791
4914, 0.028404
4915, 0.028247
4916, 0.028292
4917, 0.028057
4918, 0.028728
4919, 0.028562
4920, 0.028588
4921, 0.027257
4922, 0.029268
4923, 0.027852
4924, 0.028652
4925, 0.028095
4926, 0.028621
4927, 0.028601
4928, 0.028392
4929, 0.028467
4930, 0.028627
4931, 0.028278
4932, 0.028939
4933, 0.028107
4934, 0.028468
4935, 0.028641
4936, 0.028883
4937, 0.028701
4938, 0.028353
4939, 0.029162
4940, 0.029172
4941, 0.028423
4942, 0.029917
4943, 0.028952
4944, 0.029094
4945, 0.027963
4946, 0.028793
4947, 0.028363
4948, 0.02896
4949, 0.028438
4950, 0.029322
4951, 0.028553
4952, 0.029038
4953, 0.02736
4954, 0.027807
4955, 0.027738
4956, 0.029079
4957, 0.028161
4958, 0.028631
4959, 0.02823
4960, 0.029833
4961, 0.029959
4962, 0.029053
4963, 0.028499
4964, 0.028654
4965, 0.027774
4966, 0.028197
4967, 0.02763
4968, 0.028152
4969, 0.027695
4970, 0.028103
4971, 0.028434
4972, 0.030016
4973, 0.02946
4974, 0.029743
4975, 0.029828
4976, 0.029745
4977, 0.028647
4978, 0.029879
4979, 0.029048
4980, 0.029111
4981, 0.028715
4982, 0.029212
4983, 0.028662
4984, 0.02864
4985, 0.028119
4986, 0.029549
4987, 0.028237
4988, 0.029523
4989, 0.029318
4990, 0.030607
4991, 0.028775
4992, 0.029631
4993, 0.028493
4994, 0.028474
4995, 0.027924
4996, 0.028665
4997, 0.030358
4998, 0.030525
4999, 0.028939
