filename, n, cpu_time_used
1.node,1,3.00E-06
2.node,2,2.00E-06
3.node,3,2.00E-06
4.node,4,1.00E-06
5.node,5,2.00E-06
6.node,6,2.00E-06
7.node,7,3.00E-06
8.node,8,3.00E-06
9.node,9,2.00E-06
10.node,10,3.00E-06
11.node,11,4.00E-06
12.node,12,2.00E-06
13.node,13,3.00E-06
14.node,14,4.00E-06
15.node,15,2.00E-06
16.node,16,3.00E-06
17.node,17,4.00E-06
18.node,18,9.00E-06
19.node,19,5.00E-06
20.node,20,4.00E-06
21.node,21,5.00E-06
22.node,22,4.00E-06
23.node,23,5.00E-06
24.node,24,6.00E-06
25.node,25,1.00E-05
26.node,26,6.00E-06
27.node,27,6.00E-06
28.node,28,6.00E-06
29.node,29,6.00E-06
30.node,30,8.00E-06
31.node,31,6.00E-06
32.node,32,7.00E-06
33.node,33,7.00E-06
34.node,34,6.00E-06
35.node,35,1.10E-05
36.node,36,8.00E-06
37.node,37,7.00E-06
38.node,38,6.00E-06
39.node,39,1.10E-05
40.node,40,8.00E-06
41.node,41,1.20E-05
42.node,42,9.00E-06
43.node,43,1.20E-05
44.node,44,9.00E-06
45.node,45,9.00E-06
46.node,46,1.10E-05
47.node,47,9.00E-06
48.node,48,8.00E-06
49.node,49,1.70E-05
50.node,50,1.20E-05
51.node,51,2.70E-05
52.node,52,1.10E-05
53.node,53,1.50E-05
54.node,54,1.20E-05
55.node,55,1.20E-05
56.node,56,1.60E-05
57.node,57,1.50E-05
58.node,58,1.50E-05
59.node,59,1.80E-05
60.node,60,2.20E-05
61.node,61,1.90E-05
62.node,62,4.10E-05
63.node,63,1.40E-05
64.node,64,2.00E-05
65.node,65,2.40E-05
66.node,66,4.10E-05
67.node,67,3.20E-05
68.node,68,3.40E-05
69.node,69,1.80E-05
70.node,70,2.20E-05
71.node,71,1.80E-05
72.node,72,2.90E-05
73.node,73,2.40E-05
74.node,74,3.50E-05
75.node,75,3.70E-05
76.node,76,2.20E-05
77.node,77,4.00E-05
78.node,78,2.20E-05
79.node,79,2.20E-05
80.node,80,2.40E-05
81.node,81,2.30E-05
82.node,82,1.80E-05
83.node,83,2.30E-05
84.node,84,1.70E-05
85.node,85,2.00E-05
86.node,86,1.50E-05
87.node,87,2.00E-05
88.node,88,1.60E-05
89.node,89,2.20E-05
90.node,90,2.20E-05
91.node,91,1.50E-05
92.node,92,1.90E-05
93.node,93,1.90E-05
94.node,94,2.10E-05
95.node,95,2.00E-05
96.node,96,1.60E-05
97.node,97,3.50E-05
98.node,98,2.30E-05
99.node,99,5.10E-05
100.node,100,1.80E-05
101.node,101,3.20E-05
102.node,102,3.20E-05
103.node,103,1.80E-05
104.node,104,2.20E-05
105.node,105,2.40E-05
106.node,106,2.10E-05
107.node,107,2.10E-05
108.node,108,4.50E-05
109.node,109,2.50E-05
110.node,110,1.90E-05
111.node,111,3.10E-05
112.node,112,2.70E-05
113.node,113,2.70E-05
114.node,114,3.00E-05
115.node,115,2.00E-05
116.node,116,2.60E-05
117.node,117,2.30E-05
118.node,118,2.30E-05
119.node,119,2.10E-05
120.node,120,2.30E-05
121.node,121,2.70E-05
122.node,122,2.60E-05
123.node,123,2.30E-05
124.node,124,2.50E-05
125.node,125,2.10E-05
126.node,126,2.40E-05
127.node,127,2.50E-05
128.node,128,2.40E-05
129.node,129,2.60E-05
130.node,130,4.20E-05
131.node,131,2.70E-05
132.node,132,2.50E-05
133.node,133,2.80E-05
134.node,134,2.50E-05
135.node,135,2.80E-05
136.node,136,2.60E-05
137.node,137,3.20E-05
138.node,138,2.60E-05
139.node,139,2.70E-05
140.node,140,2.40E-05
141.node,141,2.70E-05
142.node,142,2.80E-05
143.node,143,2.90E-05
144.node,144,3.30E-05
145.node,145,4.60E-05
146.node,146,2.80E-05
147.node,147,2.80E-05
148.node,148,3.30E-05
149.node,149,4.70E-05
150.node,150,3.40E-05
151.node,151,3.50E-05
152.node,152,3.50E-05
153.node,153,3.80E-05
154.node,154,3.50E-05
155.node,155,3.90E-05
156.node,156,3.40E-05
157.node,157,3.40E-05
158.node,158,3.80E-05
159.node,159,3.80E-05
160.node,160,3.60E-05
161.node,161,4.10E-05
162.node,162,3.70E-05
163.node,163,3.60E-05
164.node,164,3.70E-05
165.node,165,3.50E-05
166.node,166,3.50E-05
167.node,167,3.40E-05
168.node,168,4.10E-05
169.node,169,3.10E-05
170.node,170,3.60E-05
171.node,171,3.30E-05
172.node,172,4.60E-05
173.node,173,3.10E-05
174.node,174,3.60E-05
175.node,175,3.40E-05
176.node,176,3.30E-05
177.node,177,8.90E-05
178.node,178,4.20E-05
179.node,179,3.70E-05
180.node,180,4.10E-05
181.node,181,3.50E-05
182.node,182,3.90E-05
183.node,183,3.70E-05
184.node,184,3.60E-05
185.node,185,3.90E-05
186.node,186,3.90E-05
187.node,187,3.70E-05
188.node,188,4.10E-05
189.node,189,3.90E-05
190.node,190,4.20E-05
191.node,191,3.90E-05
192.node,192,3.80E-05
193.node,193,4.20E-05
194.node,194,4.40E-05
195.node,195,3.90E-05
196.node,196,4.30E-05
197.node,197,3.90E-05
198.node,198,4.10E-05
199.node,199,8.40E-05
200.node,200,8.60E-05
201.node,201,8.00E-05
202.node,202,4.50E-05
203.node,203,4.60E-05
204.node,204,4.00E-05
205.node,205,4.10E-05
206.node,206,4.40E-05
207.node,207,4.20E-05
208.node,208,3.80E-05
209.node,209,4.60E-05
210.node,210,4.20E-05
211.node,211,4.50E-05
212.node,212,4.20E-05
213.node,213,4.40E-05
214.node,214,4.60E-05
215.node,215,4.90E-05
216.node,216,8.70E-05
217.node,217,5.10E-05
218.node,218,7.90E-05
219.node,219,5.20E-05
220.node,220,5.50E-05
221.node,221,5.50E-05
222.node,222,5.90E-05
223.node,223,9.20E-05
224.node,224,8.70E-05
225.node,225,9.00E-05
226.node,226,9.30E-05
227.node,227,6.60E-05
228.node,228,0.000103
229.node,229,5.60E-05
230.node,230,5.60E-05
231.node,231,4.90E-05
232.node,232,5.60E-05
233.node,233,5.10E-05
234.node,234,5.70E-05
235.node,235,5.60E-05
236.node,236,4.40E-05
237.node,237,5.30E-05
238.node,238,4.70E-05
239.node,239,5.20E-05
240.node,240,4.60E-05
241.node,241,4.90E-05
242.node,242,4.60E-05
243.node,243,4.90E-05
244.node,244,4.70E-05
245.node,245,5.10E-05
246.node,246,4.90E-05
247.node,247,4.70E-05
248.node,248,4.90E-05
249.node,249,5.20E-05
250.node,250,4.70E-05
251.node,251,4.90E-05
252.node,252,4.90E-05
253.node,253,5.00E-05
254.node,254,4.90E-05
255.node,255,4.90E-05
256.node,256,5.10E-05
257.node,257,5.50E-05
258.node,258,5.10E-05
259.node,259,5.20E-05
260.node,260,6.00E-05
261.node,261,5.50E-05
262.node,262,5.80E-05
263.node,263,5.50E-05
264.node,264,5.60E-05
265.node,265,5.90E-05
266.node,266,5.50E-05
267.node,267,5.20E-05
268.node,268,5.70E-05
269.node,269,5.30E-05
270.node,270,5.50E-05
271.node,271,5.30E-05
272.node,272,5.80E-05
273.node,273,5.40E-05
274.node,274,5.20E-05
275.node,275,5.90E-05
276.node,276,6.30E-05
277.node,277,5.90E-05
278.node,278,6.20E-05
279.node,279,6.50E-05
280.node,280,7.40E-05
281.node,281,5.80E-05
282.node,282,6.10E-05
283.node,283,5.60E-05
284.node,284,5.80E-05
285.node,285,5.70E-05
286.node,286,5.90E-05
287.node,287,5.30E-05
288.node,288,6.00E-05
289.node,289,5.90E-05
290.node,290,5.40E-05
291.node,291,6.20E-05
292.node,292,5.50E-05
293.node,293,5.90E-05
294.node,294,6.10E-05
295.node,295,6.10E-05
296.node,296,5.80E-05
297.node,297,5.60E-05
298.node,298,6.40E-05
299.node,299,5.90E-05
300.node,300,5.90E-05
301.node,301,6.40E-05
302.node,302,6.10E-05
303.node,303,5.80E-05
304.node,304,7.20E-05
305.node,305,5.70E-05
306.node,306,6.00E-05
307.node,307,6.20E-05
308.node,308,5.90E-05
309.node,309,6.30E-05
310.node,310,6.10E-05
311.node,311,7.30E-05
312.node,312,6.10E-05
313.node,313,6.20E-05
314.node,314,7.60E-05
315.node,315,7.60E-05
316.node,316,7.40E-05
317.node,317,8.40E-05
318.node,318,7.10E-05
319.node,319,6.50E-05
320.node,320,8.00E-05
321.node,321,7.50E-05
322.node,322,6.90E-05
323.node,323,7.40E-05
324.node,324,7.00E-05
325.node,325,6.90E-05
326.node,326,7.40E-05
327.node,327,7.80E-05
328.node,328,7.50E-05
329.node,329,7.20E-05
330.node,330,7.00E-05
331.node,331,0.000153
332.node,332,0.000108
333.node,333,8.90E-05
334.node,334,7.80E-05
335.node,335,7.40E-05
336.node,336,6.60E-05
337.node,337,6.30E-05
338.node,338,8.20E-05
339.node,339,6.70E-05
340.node,340,6.90E-05
341.node,341,6.80E-05
342.node,342,9.60E-05
343.node,343,7.00E-05
344.node,344,6.90E-05
345.node,345,6.70E-05
346.node,346,6.90E-05
347.node,347,6.80E-05
348.node,348,6.70E-05
349.node,349,7.20E-05
350.node,350,6.50E-05
351.node,351,8.10E-05
352.node,352,6.60E-05
353.node,353,8.10E-05
354.node,354,7.30E-05
355.node,355,6.90E-05
356.node,356,7.00E-05
357.node,357,6.90E-05
358.node,358,6.80E-05
359.node,359,7.40E-05
360.node,360,6.80E-05
361.node,361,7.90E-05
362.node,362,6.90E-05
363.node,363,7.20E-05
364.node,364,7.00E-05
365.node,365,8.50E-05
366.node,366,8.30E-05
367.node,367,7.70E-05
368.node,368,9.60E-05
369.node,369,8.00E-05
370.node,370,8.20E-05
371.node,371,9.90E-05
372.node,372,8.20E-05
373.node,373,9.10E-05
374.node,374,8.20E-05
375.node,375,9.60E-05
376.node,376,7.90E-05
377.node,377,9.70E-05
378.node,378,7.50E-05
379.node,379,7.70E-05
380.node,380,7.70E-05
381.node,381,7.50E-05
382.node,382,7.50E-05
383.node,383,7.90E-05
384.node,384,7.00E-05
385.node,385,8.20E-05
386.node,386,8.90E-05
387.node,387,8.30E-05
388.node,388,8.70E-05
389.node,389,8.70E-05
390.node,390,9.20E-05
391.node,391,0.000145
392.node,392,9.10E-05
393.node,393,9.00E-05
394.node,394,8.50E-05
395.node,395,8.80E-05
396.node,396,9.10E-05
397.node,397,0.000117
398.node,398,9.30E-05
399.node,399,8.20E-05
400.node,400,7.80E-05
401.node,401,8.00E-05
402.node,402,0.0001
403.node,403,9.70E-05
404.node,404,8.90E-05
405.node,405,9.10E-05
406.node,406,8.50E-05
407.node,407,8.70E-05
408.node,408,9.10E-05
409.node,409,9.40E-05
410.node,410,0.000126
411.node,411,0.000109
412.node,412,0.00011
413.node,413,0.000128
414.node,414,0.000221
415.node,415,0.000113
416.node,416,9.20E-05
417.node,417,0.000106
418.node,418,8.30E-05
419.node,419,9.10E-05
420.node,420,8.40E-05
421.node,421,0.0001
422.node,422,8.50E-05
423.node,423,8.50E-05
424.node,424,9.90E-05
425.node,425,0.000102
426.node,426,9.80E-05
427.node,427,9.20E-05
428.node,428,9.70E-05
429.node,429,9.40E-05
430.node,430,9.10E-05
431.node,431,9.70E-05
432.node,432,8.80E-05
433.node,433,9.80E-05
434.node,434,9.30E-05
435.node,435,9.70E-05
436.node,436,9.30E-05
437.node,437,0.000193
438.node,438,9.90E-05
439.node,439,0.0001
440.node,440,9.90E-05
441.node,441,0.000105
442.node,442,9.60E-05
443.node,443,9.60E-05
444.node,444,0.0001
445.node,445,0.000102
446.node,446,0.000101
447.node,447,9.50E-05
448.node,448,9.10E-05
449.node,449,8.70E-05
450.node,450,9.30E-05
451.node,451,8.50E-05
452.node,452,8.90E-05
453.node,453,8.80E-05
454.node,454,9.10E-05
455.node,455,8.50E-05
456.node,456,9.20E-05
457.node,457,9.10E-05
458.node,458,9.10E-05
459.node,459,8.60E-05
460.node,460,9.80E-05
461.node,461,9.20E-05
462.node,462,9.10E-05
463.node,463,9.90E-05
464.node,464,8.90E-05
465.node,465,9.10E-05
466.node,466,9.10E-05
467.node,467,9.10E-05
468.node,468,9.20E-05
469.node,469,9.40E-05
470.node,470,9.10E-05
471.node,471,9.30E-05
472.node,472,9.30E-05
473.node,473,9.40E-05
474.node,474,0.000109
475.node,475,0.000104
476.node,476,0.000107
477.node,477,0.00022
478.node,478,0.000123
479.node,479,0.000114
480.node,480,0.000102
481.node,481,0.000135
482.node,482,0.000109
483.node,483,0.000107
484.node,484,0.000114
485.node,485,0.000103
486.node,486,0.000113
487.node,487,0.000118
488.node,488,0.000209
489.node,489,0.000141
490.node,490,0.000155
491.node,491,0.000116
492.node,492,0.000105
493.node,493,0.000109
494.node,494,0.000117
495.node,495,0.000112
496.node,496,0.000105
497.node,497,0.000113
498.node,498,0.000129
499.node,499,0.000112
500.node,500,9.70E-05
501.node,501,0.000106
502.node,502,9.80E-05
503.node,503,0.000103
504.node,504,9.90E-05
505.node,505,0.000112
506.node,506,0.000103
507.node,507,0.000135
508.node,508,0.000102
509.node,509,0.000119
510.node,510,9.90E-05
511.node,511,0.000146
512.node,512,0.000116
513.node,513,0.000136
514.node,514,0.000108
515.node,515,0.000124
516.node,516,0.000102
517.node,517,0.000105
518.node,518,0.000109
519.node,519,0.000105
520.node,520,0.0001
521.node,521,0.00013
522.node,522,0.000104
523.node,523,0.000102
524.node,524,0.000102
525.node,525,0.000106
526.node,526,0.000103
527.node,527,0.000103
528.node,528,0.000102
529.node,529,0.000104
530.node,530,0.000109
531.node,531,0.000101
532.node,532,0.000131
533.node,533,0.000119
534.node,534,0.000105
535.node,535,0.000139
536.node,536,0.000142
537.node,537,0.000138
538.node,538,0.000125
539.node,539,0.000134
540.node,540,0.000118
541.node,541,0.000147
542.node,542,0.000146
543.node,543,0.00012
544.node,544,0.000123
545.node,545,0.000118
546.node,546,0.000118
547.node,547,0.000121
548.node,548,0.000111
549.node,549,0.000113
550.node,550,0.000113
551.node,551,0.000114
552.node,552,0.000118
553.node,553,0.00012
554.node,554,0.000114
555.node,555,0.000115
556.node,556,0.00011
557.node,557,0.000118
558.node,558,0.000111
559.node,559,0.000114
560.node,560,0.000142
561.node,561,0.000133
562.node,562,0.000115
563.node,563,0.000119
564.node,564,0.000124
565.node,565,0.000137
566.node,566,0.000123
567.node,567,0.000129
568.node,568,0.000143
569.node,569,0.000149
570.node,570,0.000135
571.node,571,0.000227
572.node,572,0.000142
573.node,573,0.000133
574.node,574,0.000127
575.node,575,0.000115
576.node,576,0.000112
577.node,577,0.000115
578.node,578,0.000112
579.node,579,0.000114
580.node,580,0.000119
581.node,581,0.000115
582.node,582,0.000113
583.node,583,0.000114
584.node,584,0.000117
585.node,585,0.000115
586.node,586,0.000118
587.node,587,0.000112
588.node,588,0.000118
589.node,589,0.000117
590.node,590,0.000113
591.node,591,0.000121
592.node,592,0.000147
593.node,593,0.00013
594.node,594,0.000134
595.node,595,0.000148
596.node,596,0.000137
597.node,597,0.000147
598.node,598,0.000155
599.node,599,0.000128
600.node,600,0.000131
601.node,601,0.000124
602.node,602,0.00012
603.node,603,0.000142
604.node,604,0.000127
605.node,605,0.000135
606.node,606,0.000131
607.node,607,0.000146
608.node,608,0.000164
609.node,609,0.000143
610.node,610,0.000139
611.node,611,0.000126
612.node,612,0.000118
613.node,613,0.000135
614.node,614,0.000123
615.node,615,0.00013
616.node,616,0.000124
617.node,617,0.000119
618.node,618,0.000128
619.node,619,0.000138
620.node,620,0.000138
621.node,621,0.000122
622.node,622,0.000125
623.node,623,0.000123
624.node,624,0.000138
625.node,625,0.000147
626.node,626,0.000144
627.node,627,0.00014
628.node,628,0.000145
629.node,629,0.000127
630.node,630,0.00014
631.node,631,0.000136
632.node,632,0.000139
633.node,633,0.000143
634.node,634,0.000136
635.node,635,0.000141
636.node,636,0.000141
637.node,637,0.000143
638.node,638,0.000126
639.node,639,0.000133
640.node,640,0.000124
641.node,641,0.000127
642.node,642,0.000124
643.node,643,0.000148
644.node,644,0.000126
645.node,645,0.00015
646.node,646,0.000154
647.node,647,0.000157
648.node,648,0.00014
649.node,649,0.000214
650.node,650,0.000207
651.node,651,0.000214
652.node,652,0.000154
653.node,653,0.000138
654.node,654,0.000132
655.node,655,0.00013
656.node,656,0.000141
657.node,657,0.00014
658.node,658,0.000146
659.node,659,0.000142
660.node,660,0.000131
661.node,661,0.000134
662.node,662,0.000134
663.node,663,0.000137
664.node,664,0.000137
665.node,665,0.000137
666.node,666,0.000136
667.node,667,0.000137
668.node,668,0.000155
669.node,669,0.000144
670.node,670,0.000138
671.node,671,0.00014
672.node,672,0.000131
673.node,673,0.000134
674.node,674,0.000134
675.node,675,0.000149
676.node,676,0.000167
677.node,677,0.000151
678.node,678,0.000131
679.node,679,0.000138
680.node,680,0.000167
681.node,681,0.00017
682.node,682,0.000135
683.node,683,0.000136
684.node,684,0.000138
685.node,685,0.000139
686.node,686,0.00015
687.node,687,0.000166
688.node,688,0.000142
689.node,689,0.00015
690.node,690,0.000153
691.node,691,0.000154
692.node,692,0.000161
693.node,693,0.000152
694.node,694,0.000168
695.node,695,0.000138
696.node,696,0.000137
697.node,697,0.000138
698.node,698,0.000139
699.node,699,0.000159
700.node,700,0.000164
701.node,701,0.000151
702.node,702,0.000138
703.node,703,0.00014
704.node,704,0.000163
705.node,705,0.000139
706.node,706,0.000145
707.node,707,0.000142
708.node,708,0.000151
709.node,709,0.000143
710.node,710,0.000143
711.node,711,0.000141
712.node,712,0.000147
713.node,713,0.000142
714.node,714,0.000169
715.node,715,0.000149
716.node,716,0.000145
717.node,717,0.000142
718.node,718,0.000156
719.node,719,0.000157
720.node,720,0.000183
721.node,721,0.000178
722.node,722,0.000188
723.node,723,0.000164
724.node,724,0.00016
725.node,725,0.000162
726.node,726,0.000148
727.node,727,0.000155
728.node,728,0.000147
729.node,729,0.000148
730.node,730,0.000152
731.node,731,0.000157
732.node,732,0.00015
733.node,733,0.000153
734.node,734,0.000153
735.node,735,0.000151
736.node,736,0.000151
737.node,737,0.000147
738.node,738,0.000153
739.node,739,0.000153
740.node,740,0.000159
741.node,741,0.000148
742.node,742,0.000165
743.node,743,0.000176
744.node,744,0.000171
745.node,745,0.000162
746.node,746,0.000226
747.node,747,0.000174
748.node,748,0.000168
749.node,749,0.000165
750.node,750,0.000163
751.node,751,0.000148
752.node,752,0.000151
753.node,753,0.00015
754.node,754,0.000162
755.node,755,0.000152
756.node,756,0.00016
757.node,757,0.000171
758.node,758,0.000152
759.node,759,0.00015
760.node,760,0.000149
761.node,761,0.000153
762.node,762,0.000153
763.node,763,0.000174
764.node,764,0.000176
765.node,765,0.000179
766.node,766,0.000185
767.node,767,0.000215
768.node,768,0.000228
769.node,769,0.000179
770.node,770,0.000159
771.node,771,0.000189
772.node,772,0.000157
773.node,773,0.000161
774.node,774,0.000156
775.node,775,0.000203
776.node,776,0.00017
777.node,777,0.000155
778.node,778,0.000157
779.node,779,0.000175
780.node,780,0.000156
781.node,781,0.000159
782.node,782,0.000157
783.node,783,0.000172
784.node,784,0.000165
785.node,785,0.000164
786.node,786,0.000158
787.node,787,0.000168
788.node,788,0.000158
789.node,789,0.000195
790.node,790,0.000183
791.node,791,0.000175
792.node,792,0.000164
793.node,793,0.000161
794.node,794,0.000184
795.node,795,0.000167
796.node,796,0.000176
797.node,797,0.000178
798.node,798,0.000183
799.node,799,0.000209
800.node,800,0.000202
801.node,801,0.000187
802.node,802,0.00016
803.node,803,0.000158
804.node,804,0.000162
805.node,805,0.00018
806.node,806,0.000178
807.node,807,0.000218
808.node,808,0.000227
809.node,809,0.000223
810.node,810,0.000199
811.node,811,0.000179
812.node,812,0.000167
813.node,813,0.000171
814.node,814,0.00017
815.node,815,0.000161
816.node,816,0.000168
817.node,817,0.000167
818.node,818,0.000223
819.node,819,0.000163
820.node,820,0.000163
821.node,821,0.000168
822.node,822,0.000173
823.node,823,0.000164
824.node,824,0.000167
825.node,825,0.000179
826.node,826,0.000167
827.node,827,0.00019
828.node,828,0.000166
829.node,829,0.000268
830.node,830,0.000198
831.node,831,0.000183
832.node,832,0.00017
833.node,833,0.000196
834.node,834,0.000239
835.node,835,0.000219
836.node,836,0.00024
837.node,837,0.000174
838.node,838,0.000221
839.node,839,0.000204
840.node,840,0.000178
841.node,841,0.000194
842.node,842,0.00024
843.node,843,0.000218
844.node,844,0.0002
845.node,845,0.000223
846.node,846,0.000196
847.node,847,0.000218
848.node,848,0.000178
849.node,849,0.000203
850.node,850,0.000177
851.node,851,0.00017
852.node,852,0.000178
853.node,853,0.000175
854.node,854,0.00017
855.node,855,0.000195
856.node,856,0.000171
857.node,857,0.000219
858.node,858,0.000177
859.node,859,0.000178
860.node,860,0.000173
861.node,861,0.000203
862.node,862,0.000197
863.node,863,0.000259
864.node,864,0.000252
865.node,865,0.000334
866.node,866,0.000248
867.node,867,0.000215
868.node,868,0.0002
869.node,869,0.000175
870.node,870,0.000194
871.node,871,0.00018
872.node,872,0.000227
873.node,873,0.000203
874.node,874,0.000198
875.node,875,0.00018
876.node,876,0.000178
877.node,877,0.000192
878.node,878,0.000193
879.node,879,0.000191
880.node,880,0.000178
881.node,881,0.000178
882.node,882,0.000227
883.node,883,0.000354
884.node,884,0.000234
885.node,885,0.000207
886.node,886,0.000197
887.node,887,0.000221
888.node,888,0.000206
889.node,889,0.000209
890.node,890,0.000176
891.node,891,0.000179
892.node,892,0.000178
893.node,893,0.000178
894.node,894,0.000177
895.node,895,0.000193
896.node,896,0.000179
897.node,897,0.000201
898.node,898,0.000237
899.node,899,0.00021
900.node,900,0.000265
901.node,901,0.000231
902.node,902,0.000216
903.node,903,0.000222
904.node,904,0.000182
905.node,905,0.000197
906.node,906,0.000225
907.node,907,0.000206
908.node,908,0.000218
909.node,909,0.000215
910.node,910,0.000216
911.node,911,0.000215
912.node,912,0.000198
913.node,913,0.000194
914.node,914,0.000212
915.node,915,0.000187
916.node,916,0.000188
917.node,917,0.000193
918.node,918,0.000208
919.node,919,0.000204
920.node,920,0.000191
921.node,921,0.00019
922.node,922,0.000205
923.node,923,0.000191
924.node,924,0.000198
925.node,925,0.000217
926.node,926,0.000196
927.node,927,0.000204
928.node,928,0.000204
929.node,929,0.000214
930.node,930,0.000212
931.node,931,0.000233
932.node,932,0.000208
933.node,933,0.00022
934.node,934,0.000306
935.node,935,0.000256
936.node,936,0.000258
937.node,937,0.000241
938.node,938,0.000215
939.node,939,0.000192
940.node,940,0.000194
941.node,941,0.000198
942.node,942,0.000192
943.node,943,0.000193
944.node,944,0.000189
945.node,945,0.000194
946.node,946,0.0002
947.node,947,0.000199
948.node,948,0.000192
949.node,949,0.000197
950.node,950,0.000193
951.node,951,0.000193
952.node,952,0.00019
953.node,953,0.000221
954.node,954,0.000229
955.node,955,0.000364
956.node,956,0.000223
957.node,957,0.000194
958.node,958,0.000203
959.node,959,0.000212
960.node,960,0.000221
961.node,961,0.000204
962.node,962,0.000211
963.node,963,0.000213
964.node,964,0.000193
965.node,965,0.000194
966.node,966,0.000192
967.node,967,0.000227
968.node,968,0.000249
969.node,969,0.000312
970.node,970,0.000212
971.node,971,0.000252
972.node,972,0.000239
973.node,973,0.000223
974.node,974,0.000197
975.node,975,0.000219
976.node,976,0.000211
977.node,977,0.000225
978.node,978,0.000222
979.node,979,0.000224
980.node,980,0.00022
981.node,981,0.000232
982.node,982,0.000231
983.node,983,0.000219
984.node,984,0.00023
985.node,985,0.000264
986.node,986,0.000222
987.node,987,0.000252
988.node,988,0.000248
989.node,989,0.000201
990.node,990,0.000217
991.node,991,0.00024
992.node,992,0.000202
993.node,993,0.000199
994.node,994,0.000198
995.node,995,0.000208
996.node,996,0.000201
997.node,997,0.0002
998.node,998,0.000199
999.node,999,0.00021
1000.node,1000,0.000222
1001.node,1001,0.000254
1002.node,1002,0.000232
1003.node,1003,0.000236
1004.node,1004,0.000234
1005.node,1005,0.000223
1006.node,1006,0.000217
1007.node,1007,0.000218
1008.node,1008,0.000216
1009.node,1009,0.000217
1010.node,1010,0.000249
1011.node,1011,0.000234
1012.node,1012,0.000237
1013.node,1013,0.000227
1014.node,1014,0.000242
1015.node,1015,0.000246
1016.node,1016,0.000246
1017.node,1017,0.000243
1018.node,1018,0.00026
1019.node,1019,0.000241
1020.node,1020,0.000234
1021.node,1021,0.000218
1022.node,1022,0.000226
1023.node,1023,0.00024
1024.node,1024,0.000275
1025.node,1025,0.000236
1026.node,1026,0.000243
1027.node,1027,0.000251
1028.node,1028,0.000259
1029.node,1029,0.000233
1030.node,1030,0.000244
1031.node,1031,0.000243
1032.node,1032,0.000237
1033.node,1033,0.000241
1034.node,1034,0.00026
1035.node,1035,0.000244
1036.node,1036,0.000275
1037.node,1037,0.000246
1038.node,1038,0.000278
1039.node,1039,0.000235
1040.node,1040,0.000268
1041.node,1041,0.000259
1042.node,1042,0.000242
1043.node,1043,0.000242
1044.node,1044,0.00023
1045.node,1045,0.000236
1046.node,1046,0.000253
1047.node,1047,0.00032
1048.node,1048,0.000251
1049.node,1049,0.000238
1050.node,1050,0.000268
1051.node,1051,0.000251
1052.node,1052,0.000235
1053.node,1053,0.000224
1054.node,1054,0.000218
1055.node,1055,0.000221
1056.node,1056,0.000218
1057.node,1057,0.000242
1058.node,1058,0.000252
1059.node,1059,0.00027
1060.node,1060,0.000252
1061.node,1061,0.000393
1062.node,1062,0.000253
1063.node,1063,0.000264
1064.node,1064,0.000247
1065.node,1065,0.000234
1066.node,1066,0.000235
1067.node,1067,0.000283
1068.node,1068,0.000277
1069.node,1069,0.000267
1070.node,1070,0.000255
1071.node,1071,0.000328
1072.node,1072,0.000682
1073.node,1073,0.00029
1074.node,1074,0.000275
1075.node,1075,0.00028
1076.node,1076,0.000241
1077.node,1077,0.000238
1078.node,1078,0.000235
1079.node,1079,0.000336
1080.node,1080,0.000341
1081.node,1081,0.00027
1082.node,1082,0.000297
1083.node,1083,0.000266
1084.node,1084,0.000307
1085.node,1085,0.000272
1086.node,1086,0.000356
1087.node,1087,0.00025
1088.node,1088,0.000515
1089.node,1089,0.000353
1090.node,1090,0.000366
1091.node,1091,0.000364
1092.node,1092,0.000357
1093.node,1093,0.000334
1094.node,1094,0.00028
1095.node,1095,0.000416
1096.node,1096,0.000308
1097.node,1097,0.000274
1098.node,1098,0.00024
1099.node,1099,0.000235
1100.node,1100,0.000234
1101.node,1101,0.000278
1102.node,1102,0.000252
1103.node,1103,0.000264
1104.node,1104,0.000246
1105.node,1105,0.000289
1106.node,1106,0.00026
1107.node,1107,0.000416
1108.node,1108,0.000276
1109.node,1109,0.000293
1110.node,1110,0.000259
1111.node,1111,0.000253
1112.node,1112,0.000278
1113.node,1113,0.000249
1114.node,1114,0.000256
1115.node,1115,0.000242
1116.node,1116,0.00024
1117.node,1117,0.000269
1118.node,1118,0.000294
1119.node,1119,0.000283
1120.node,1120,0.000269
1121.node,1121,0.000276
1122.node,1122,0.000274
1123.node,1123,0.000255
1124.node,1124,0.000298
1125.node,1125,0.000263
1126.node,1126,0.000276
1127.node,1127,0.000255
1128.node,1128,0.000265
1129.node,1129,0.000277
1130.node,1130,0.000264
1131.node,1131,0.000275
1132.node,1132,0.000254
1133.node,1133,0.000254
1134.node,1134,0.000272
1135.node,1135,0.000247
1136.node,1136,0.000248
1137.node,1137,0.000248
1138.node,1138,0.000257
1139.node,1139,0.000254
1140.node,1140,0.000266
1141.node,1141,0.00029
1142.node,1142,0.000249
1143.node,1143,0.000266
1144.node,1144,0.000266
1145.node,1145,0.000283
1146.node,1146,0.000289
1147.node,1147,0.000274
1148.node,1148,0.000271
1149.node,1149,0.000269
1150.node,1150,0.000254
1151.node,1151,0.000254
1152.node,1152,0.000299
1153.node,1153,0.000308
1154.node,1154,0.000292
1155.node,1155,0.000265
1156.node,1156,0.000262
1157.node,1157,0.000284
1158.node,1158,0.000256
1159.node,1159,0.000259
1160.node,1160,0.000259
1161.node,1161,0.000293
1162.node,1162,0.000264
1163.node,1163,0.00035
1164.node,1164,0.000251
1165.node,1165,0.000299
1166.node,1166,0.000279
1167.node,1167,0.000259
1168.node,1168,0.000294
1169.node,1169,0.000269
1170.node,1170,0.000262
1171.node,1171,0.000277
1172.node,1172,0.000294
1173.node,1173,0.000282
1174.node,1174,0.000287
1175.node,1175,0.000302
1176.node,1176,0.000289
1177.node,1177,0.000274
1178.node,1178,0.000282
1179.node,1179,0.000252
1180.node,1180,0.000257
1181.node,1181,0.000249
1182.node,1182,0.000258
1183.node,1183,0.000265
1184.node,1184,0.000254
1185.node,1185,0.000303
1186.node,1186,0.000359
1187.node,1187,0.000358
1188.node,1188,0.000317
1189.node,1189,0.000265
1190.node,1190,0.000304
1191.node,1191,0.000271
1192.node,1192,0.00028
1193.node,1193,0.000284
1194.node,1194,0.000263
1195.node,1195,0.000267
1196.node,1196,0.000271
1197.node,1197,0.0003
1198.node,1198,0.00033
1199.node,1199,0.00036
1200.node,1200,0.000464
1201.node,1201,0.000501
1202.node,1202,0.000576
1203.node,1203,0.000404
1204.node,1204,0.000327
1205.node,1205,0.000276
1206.node,1206,0.000298
1207.node,1207,0.000274
1208.node,1208,0.00026
1209.node,1209,0.000291
1210.node,1210,0.000273
1211.node,1211,0.000295
1212.node,1212,0.000265
1213.node,1213,0.000288
1214.node,1214,0.000262
1215.node,1215,0.000291
1216.node,1216,0.000289
1217.node,1217,0.000289
1218.node,1218,0.000294
1219.node,1219,0.000308
1220.node,1220,0.000287
1221.node,1221,0.000396
1222.node,1222,0.000311
1223.node,1223,0.000264
1224.node,1224,0.000311
1225.node,1225,0.000258
1226.node,1226,0.000294
1227.node,1227,0.000282
1228.node,1228,0.000284
1229.node,1229,0.00027
1230.node,1230,0.000276
1231.node,1231,0.000313
1232.node,1232,0.00027
1233.node,1233,0.000315
1234.node,1234,0.000274
1235.node,1235,0.00027
1236.node,1236,0.000281
1237.node,1237,0.000277
1238.node,1238,0.000276
1239.node,1239,0.000302
1240.node,1240,0.000312
1241.node,1241,0.000433
1242.node,1242,0.000299
1243.node,1243,0.000307
1244.node,1244,0.000362
1245.node,1245,0.000278
1246.node,1246,0.000272
1247.node,1247,0.000276
1248.node,1248,0.000279
1249.node,1249,0.00029
1250.node,1250,0.000309
1251.node,1251,0.000305
1252.node,1252,0.000294
1253.node,1253,0.000328
1254.node,1254,0.000286
1255.node,1255,0.000321
1256.node,1256,0.000282
1257.node,1257,0.000273
1258.node,1258,0.000302
1259.node,1259,0.000281
1260.node,1260,0.000316
1261.node,1261,0.000315
1262.node,1262,0.000267
1263.node,1263,0.000305
1264.node,1264,0.000267
1265.node,1265,0.000279
1266.node,1266,0.000307
1267.node,1267,0.000312
1268.node,1268,0.000303
1269.node,1269,0.000302
1270.node,1270,0.000285
1271.node,1271,0.000315
1272.node,1272,0.000343
1273.node,1273,0.000316
1274.node,1274,0.000297
1275.node,1275,0.000291
1276.node,1276,0.000284
1277.node,1277,0.00031
1278.node,1278,0.000285
1279.node,1279,0.000284
1280.node,1280,0.000289
1281.node,1281,0.000298
1282.node,1282,0.000333
1283.node,1283,0.00033
1284.node,1284,0.000321
1285.node,1285,0.000283
1286.node,1286,0.000322
1287.node,1287,0.000328
1288.node,1288,0.000361
1289.node,1289,0.000412
1290.node,1290,0.000397
1291.node,1291,0.000343
1292.node,1292,0.000347
1293.node,1293,0.000319
1294.node,1294,0.000303
1295.node,1295,0.000323
1296.node,1296,0.000296
1297.node,1297,0.000294
1298.node,1298,0.000285
1299.node,1299,0.000315
1300.node,1300,0.000308
1301.node,1301,0.000382
1302.node,1302,0.000412
1303.node,1303,0.000344
1304.node,1304,0.000317
1305.node,1305,0.00034
1306.node,1306,0.000291
1307.node,1307,0.000322
1308.node,1308,0.000293
1309.node,1309,0.000332
1310.node,1310,0.000324
1311.node,1311,0.000294
1312.node,1312,0.00032
1313.node,1313,0.000294
1314.node,1314,0.000307
1315.node,1315,0.000316
1316.node,1316,0.000359
1317.node,1317,0.000291
1318.node,1318,0.00029
1319.node,1319,0.000284
1320.node,1320,0.00033
1321.node,1321,0.000567
1322.node,1322,0.000332
1323.node,1323,0.000297
1324.node,1324,0.000292
1325.node,1325,0.000294
1326.node,1326,0.0003
1327.node,1327,0.000301
1328.node,1328,0.000296
1329.node,1329,0.0003
1330.node,1330,0.00029
1331.node,1331,0.000298
1332.node,1332,0.000319
1333.node,1333,0.000295
1334.node,1334,0.000292
1335.node,1335,0.000331
1336.node,1336,0.000325
1337.node,1337,0.000333
1338.node,1338,0.000349
1339.node,1339,0.000361
1340.node,1340,0.000418
1341.node,1341,0.000378
1342.node,1342,0.00032
1343.node,1343,0.000305
1344.node,1344,0.000297
1345.node,1345,0.000324
1346.node,1346,0.000303
1347.node,1347,0.000314
1348.node,1348,0.000306
1349.node,1349,0.000321
1350.node,1350,0.000317
1351.node,1351,0.00031
1352.node,1352,0.000299
1353.node,1353,0.000311
1354.node,1354,0.000304
1355.node,1355,0.00032
1356.node,1356,0.000323
1357.node,1357,0.000342
1358.node,1358,0.000472
1359.node,1359,0.00033
1360.node,1360,0.000333
1361.node,1361,0.000319
1362.node,1362,0.0003
1363.node,1363,0.000287
1364.node,1364,0.000316
1365.node,1365,0.000354
1366.node,1366,0.000325
1367.node,1367,0.000325
1368.node,1368,0.000322
1369.node,1369,0.000308
1370.node,1370,0.000305
1371.node,1371,0.000295
1372.node,1372,0.000302
1373.node,1373,0.000299
1374.node,1374,0.000308
1375.node,1375,0.000423
1376.node,1376,0.000307
1377.node,1377,0.000333
1378.node,1378,0.000327
1379.node,1379,0.000325
1380.node,1380,0.000305
1381.node,1381,0.000323
1382.node,1382,0.000329
1383.node,1383,0.000341
1384.node,1384,0.000342
1385.node,1385,0.00036
1386.node,1386,0.000394
1387.node,1387,0.000333
1388.node,1388,0.000301
1389.node,1389,0.000305
1390.node,1390,0.000313
1391.node,1391,0.000311
1392.node,1392,0.000324
1393.node,1393,0.000316
1394.node,1394,0.000383
1395.node,1395,0.000424
1396.node,1396,0.000334
1397.node,1397,0.000312
1398.node,1398,0.000314
1399.node,1399,0.000327
1400.node,1400,0.000307
1401.node,1401,0.000302
1402.node,1402,0.000298
1403.node,1403,0.000344
1404.node,1404,0.000354
1405.node,1405,0.000346
1406.node,1406,0.000394
1407.node,1407,0.000321
1408.node,1408,0.000309
1409.node,1409,0.000323
1410.node,1410,0.000303
1411.node,1411,0.000307
1412.node,1412,0.000352
1413.node,1413,0.000504
1414.node,1414,0.000505
1415.node,1415,0.000394
1416.node,1416,0.000331
1417.node,1417,0.000368
1418.node,1418,0.000311
1419.node,1419,0.000327
1420.node,1420,0.000317
1421.node,1421,0.000316
1422.node,1422,0.000338
1423.node,1423,0.000354
1424.node,1424,0.000338
1425.node,1425,0.000349
1426.node,1426,0.000358
1427.node,1427,0.000361
1428.node,1428,0.000345
1429.node,1429,0.000313
1430.node,1430,0.000344
1431.node,1431,0.000444
1432.node,1432,0.000392
1433.node,1433,0.000333
1434.node,1434,0.000334
1435.node,1435,0.000327
1436.node,1436,0.000332
1437.node,1437,0.000312
1438.node,1438,0.000351
1439.node,1439,0.000325
1440.node,1440,0.000362
1441.node,1441,0.000352
1442.node,1442,0.000316
1443.node,1443,0.000313
1444.node,1444,0.000324
1445.node,1445,0.000333
1446.node,1446,0.000382
1447.node,1447,0.000347
1448.node,1448,0.000353
1449.node,1449,0.000399
1450.node,1450,0.000342
1451.node,1451,0.000333
1452.node,1452,0.000332
1453.node,1453,0.000344
1454.node,1454,0.000319
1455.node,1455,0.000311
1456.node,1456,0.00034
1457.node,1457,0.000355
1458.node,1458,0.000325
1459.node,1459,0.00037
1460.node,1460,0.000356
1461.node,1461,0.000345
1462.node,1462,0.000336
1463.node,1463,0.000335
1464.node,1464,0.000322
1465.node,1465,0.000319
1466.node,1466,0.00039
1467.node,1467,0.000324
1468.node,1468,0.000348
1469.node,1469,0.000384
1470.node,1470,0.000375
1471.node,1471,0.000355
1472.node,1472,0.000334
1473.node,1473,0.000368
1474.node,1474,0.000387
1475.node,1475,0.000358
1476.node,1476,0.000382
1477.node,1477,0.000358
1478.node,1478,0.000338
1479.node,1479,0.000328
1480.node,1480,0.000329
1481.node,1481,0.000329
1482.node,1482,0.000321
1483.node,1483,0.000361
1484.node,1484,0.000383
1485.node,1485,0.000331
1486.node,1486,0.000352
1487.node,1487,0.000336
1488.node,1488,0.000364
1489.node,1489,0.000371
1490.node,1490,0.000353
1491.node,1491,0.000353
1492.node,1492,0.00035
1493.node,1493,0.000392
1494.node,1494,0.000343
1495.node,1495,0.000366
1496.node,1496,0.000338
1497.node,1497,0.000351
1498.node,1498,0.000322
1499.node,1499,0.000349
1500.node,1500,0.000334
1501.node,1501,0.000364
1502.node,1502,0.000383
1503.node,1503,0.000329
1504.node,1504,0.000356
1505.node,1505,0.000329
1506.node,1506,0.000345
1507.node,1507,0.000337
1508.node,1508,0.000343
1509.node,1509,0.000331
1510.node,1510,0.000393
1511.node,1511,0.000477
1512.node,1512,0.000363
1513.node,1513,0.000376
1514.node,1514,0.000343
1515.node,1515,0.000338
1516.node,1516,0.000336
1517.node,1517,0.000332
1518.node,1518,0.000364
1519.node,1519,0.000346
1520.node,1520,0.000361
1521.node,1521,0.000467
1522.node,1522,0.000611
1523.node,1523,0.000387
1524.node,1524,0.00035
1525.node,1525,0.000353
1526.node,1526,0.000343
1527.node,1527,0.000336
1528.node,1528,0.000336
1529.node,1529,0.000379
1530.node,1530,0.000387
1531.node,1531,0.000411
1532.node,1532,0.000357
1533.node,1533,0.000366
1534.node,1534,0.00033
1535.node,1535,0.000357
1536.node,1536,0.000358
1537.node,1537,0.000371
1538.node,1538,0.000427
1539.node,1539,0.000358
1540.node,1540,0.00037
1541.node,1541,0.000344
1542.node,1542,0.000344
1543.node,1543,0.000356
1544.node,1544,0.000361
1545.node,1545,0.000349
1546.node,1546,0.000328
1547.node,1547,0.00034
1548.node,1548,0.000372
1549.node,1549,0.00035
1550.node,1550,0.000333
1551.node,1551,0.000379
1552.node,1552,0.000357
1553.node,1553,0.000367
1554.node,1554,0.000498
1555.node,1555,0.000393
1556.node,1556,0.000374
1557.node,1557,0.000347
1558.node,1558,0.00036
1559.node,1559,0.000343
1560.node,1560,0.00036
1561.node,1561,0.000362
1562.node,1562,0.000349
1563.node,1563,0.000419
1564.node,1564,0.000395
1565.node,1565,0.000408
1566.node,1566,0.000359
1567.node,1567,0.000367
1568.node,1568,0.000348
1569.node,1569,0.000355
1570.node,1570,0.000356
1571.node,1571,0.000512
1572.node,1572,0.000353
1573.node,1573,0.000383
1574.node,1574,0.000371
1575.node,1575,0.000414
1576.node,1576,0.000362
1577.node,1577,0.000371
1578.node,1578,0.000384
1579.node,1579,0.00041
1580.node,1580,0.00042
1581.node,1581,0.000386
1582.node,1582,0.000365
1583.node,1583,0.000418
1584.node,1584,0.000361
1585.node,1585,0.000386
1586.node,1586,0.00036
1587.node,1587,0.000359
1588.node,1588,0.000412
1589.node,1589,0.000351
1590.node,1590,0.000384
1591.node,1591,0.000353
1592.node,1592,0.000353
1593.node,1593,0.000368
1594.node,1594,0.000393
1595.node,1595,0.000386
1596.node,1596,0.000389
1597.node,1597,0.000405
1598.node,1598,0.000367
1599.node,1599,0.000393
1600.node,1600,0.000372
1601.node,1601,0.000363
1602.node,1602,0.000356
1603.node,1603,0.000359
1604.node,1604,0.000371
1605.node,1605,0.000402
1606.node,1606,0.000362
1607.node,1607,0.000435
1608.node,1608,0.000368
1609.node,1609,0.000377
1610.node,1610,0.00036
1611.node,1611,0.000367
1612.node,1612,0.000388
1613.node,1613,0.000423
1614.node,1614,0.000382
1615.node,1615,0.000396
1616.node,1616,0.000412
1617.node,1617,0.000403
1618.node,1618,0.000371
1619.node,1619,0.000359
1620.node,1620,0.000365
1621.node,1621,0.000398
1622.node,1622,0.000428
1623.node,1623,0.000496
1624.node,1624,0.000446
1625.node,1625,0.000381
1626.node,1626,0.000377
1627.node,1627,0.000413
1628.node,1628,0.000359
1629.node,1629,0.000372
1630.node,1630,0.000398
1631.node,1631,0.000361
1632.node,1632,0.000402
1633.node,1633,0.000372
1634.node,1634,0.000387
1635.node,1635,0.000392
1636.node,1636,0.000377
1637.node,1637,0.000396
1638.node,1638,0.000366
1639.node,1639,0.000395
1640.node,1640,0.000396
1641.node,1641,0.000394
1642.node,1642,0.000407
1643.node,1643,0.000364
1644.node,1644,0.000378
1645.node,1645,0.000365
1646.node,1646,0.000365
1647.node,1647,0.000364
1648.node,1648,0.000391
1649.node,1649,0.000394
1650.node,1650,0.000352
1651.node,1651,0.000351
1652.node,1652,0.000349
1653.node,1653,0.000453
1654.node,1654,0.000398
1655.node,1655,0.00041
1656.node,1656,0.000445
1657.node,1657,0.000468
1658.node,1658,0.000409
1659.node,1659,0.000366
1660.node,1660,0.000391
1661.node,1661,0.000399
1662.node,1662,0.000388
1663.node,1663,0.000414
1664.node,1664,0.000521
1665.node,1665,0.000637
1666.node,1666,0.00041
1667.node,1667,0.000399
1668.node,1668,0.000376
1669.node,1669,0.00037
1670.node,1670,0.000382
1671.node,1671,0.000438
1672.node,1672,0.000414
1673.node,1673,0.000404
1674.node,1674,0.000443
1675.node,1675,0.000382
1676.node,1676,0.000376
1677.node,1677,0.000376
1678.node,1678,0.000374
1679.node,1679,0.000483
1680.node,1680,0.00042
1681.node,1681,0.000417
1682.node,1682,0.000382
1683.node,1683,0.000382
1684.node,1684,0.000389
1685.node,1685,0.000368
1686.node,1686,0.000411
1687.node,1687,0.000405
1688.node,1688,0.000409
1689.node,1689,0.000402
1690.node,1690,0.000395
1691.node,1691,0.000439
1692.node,1692,0.000402
1693.node,1693,0.000424
1694.node,1694,0.000377
1695.node,1695,0.000428
1696.node,1696,0.000424
1697.node,1697,0.000423
1698.node,1698,0.000409
1699.node,1699,0.000372
1700.node,1700,0.000391
1701.node,1701,0.000374
1702.node,1702,0.000379
1703.node,1703,0.000398
1704.node,1704,0.000432
1705.node,1705,0.000414
1706.node,1706,0.000395
1707.node,1707,0.000401
1708.node,1708,0.000398
1709.node,1709,0.000384
1710.node,1710,0.000457
1711.node,1711,0.00048
1712.node,1712,0.00042
1713.node,1713,0.00043
1714.node,1714,0.00038
1715.node,1715,0.000387
1716.node,1716,0.00038
1717.node,1717,0.000407
1718.node,1718,0.000418
1719.node,1719,0.000507
1720.node,1720,0.00051
1721.node,1721,0.000732
1722.node,1722,0.000388
1723.node,1723,0.000404
1724.node,1724,0.000389
1725.node,1725,0.000385
1726.node,1726,0.000385
1727.node,1727,0.000389
1728.node,1728,0.000415
1729.node,1729,0.000425
1730.node,1730,0.000425
1731.node,1731,0.000409
1732.node,1732,0.000407
1733.node,1733,0.000389
1734.node,1734,0.000369
1735.node,1735,0.000474
1736.node,1736,0.000405
1737.node,1737,0.00042
1738.node,1738,0.000377
1739.node,1739,0.000397
1740.node,1740,0.000395
1741.node,1741,0.000381
1742.node,1742,0.000408
1743.node,1743,0.00046
1744.node,1744,0.000415
1745.node,1745,0.000402
1746.node,1746,0.000412
1747.node,1747,0.000389
1748.node,1748,0.000482
1749.node,1749,0.000428
1750.node,1750,0.000446
1751.node,1751,0.000462
1752.node,1752,0.000484
1753.node,1753,0.000418
1754.node,1754,0.000442
1755.node,1755,0.000406
1756.node,1756,0.000386
1757.node,1757,0.000386
1758.node,1758,0.000376
1759.node,1759,0.000375
1760.node,1760,0.000508
1761.node,1761,0.00038
1762.node,1762,0.000427
1763.node,1763,0.000383
1764.node,1764,0.000431
1765.node,1765,0.000419
1766.node,1766,0.000443
1767.node,1767,0.000675
1768.node,1768,0.000428
1769.node,1769,0.000416
1770.node,1770,0.000395
1771.node,1771,0.000442
1772.node,1772,0.000404
1773.node,1773,0.000445
1774.node,1774,0.000483
1775.node,1775,0.000475
1776.node,1776,0.000409
1777.node,1777,0.00042
1778.node,1778,0.000409
1779.node,1779,0.000407
1780.node,1780,0.000403
1781.node,1781,0.000433
1782.node,1782,0.00042
1783.node,1783,0.000427
1784.node,1784,0.000379
1785.node,1785,0.000439
1786.node,1786,0.000407
1787.node,1787,0.000419
1788.node,1788,0.000465
1789.node,1789,0.000421
1790.node,1790,0.000407
1791.node,1791,0.000428
1792.node,1792,0.00041
1793.node,1793,0.000386
1794.node,1794,0.000419
1795.node,1795,0.000452
1796.node,1796,0.000453
1797.node,1797,0.000458
1798.node,1798,0.000445
1799.node,1799,0.000397
1800.node,1800,0.000392
1801.node,1801,0.000394
1802.node,1802,0.000433
1803.node,1803,0.000492
1804.node,1804,0.000523
1805.node,1805,0.000495
1806.node,1806,0.000434
1807.node,1807,0.00041
1808.node,1808,0.000393
1809.node,1809,0.000386
1810.node,1810,0.00043
1811.node,1811,0.000424
1812.node,1812,0.000521
1813.node,1813,0.000715
1814.node,1814,0.000414
1815.node,1815,0.000401
1816.node,1816,0.000465
1817.node,1817,0.000498
1818.node,1818,0.000508
1819.node,1819,0.000521
1820.node,1820,0.000492
1821.node,1821,0.000491
1822.node,1822,0.000509
1823.node,1823,0.000417
1824.node,1824,0.000403
1825.node,1825,0.000425
1826.node,1826,0.000509
1827.node,1827,0.000443
1828.node,1828,0.000475
1829.node,1829,0.000465
1830.node,1830,0.000459
1831.node,1831,0.00044
1832.node,1832,0.000421
1833.node,1833,0.00039
1834.node,1834,0.000439
1835.node,1835,0.000398
1836.node,1836,0.000419
1837.node,1837,0.000428
1838.node,1838,0.000509
1839.node,1839,0.00044
1840.node,1840,0.000471
1841.node,1841,0.000453
1842.node,1842,0.000416
1843.node,1843,0.000435
1844.node,1844,0.00041
1845.node,1845,0.000429
1846.node,1846,0.000449
1847.node,1847,0.000523
1848.node,1848,0.000461
1849.node,1849,0.000476
1850.node,1850,0.000417
1851.node,1851,0.000406
1852.node,1852,0.000415
1853.node,1853,0.000412
1854.node,1854,0.000428
1855.node,1855,0.000463
1856.node,1856,0.000773
1857.node,1857,0.000442
1858.node,1858,0.000437
1859.node,1859,0.000451
1860.node,1860,0.000396
1861.node,1861,0.000425
1862.node,1862,0.000477
1863.node,1863,0.000458
1864.node,1864,0.000474
1865.node,1865,0.000549
1866.node,1866,0.000476
1867.node,1867,0.000411
1868.node,1868,0.000417
1869.node,1869,0.000608
1870.node,1870,0.000402
1871.node,1871,0.000444
1872.node,1872,0.0004
1873.node,1873,0.000444
1874.node,1874,0.000445
1875.node,1875,0.000443
1876.node,1876,0.000444
1877.node,1877,0.000468
1878.node,1878,0.000473
1879.node,1879,0.000432
1880.node,1880,0.000426
1881.node,1881,0.000429
1882.node,1882,0.000417
1883.node,1883,0.000428
1884.node,1884,0.00046
1885.node,1885,0.000457
1886.node,1886,0.000423
1887.node,1887,0.000479
1888.node,1888,0.000426
1889.node,1889,0.000428
1890.node,1890,0.000416
1891.node,1891,0.000466
1892.node,1892,0.000452
1893.node,1893,0.000537
1894.node,1894,0.000409
1895.node,1895,0.000435
1896.node,1896,0.000446
1897.node,1897,0.000632
1898.node,1898,0.000459
1899.node,1899,0.00067
1900.node,1900,0.000497
1901.node,1901,0.000416
1902.node,1902,0.00044
1903.node,1903,0.000413
1904.node,1904,0.000452
1905.node,1905,0.000544
1906.node,1906,0.000589
1907.node,1907,0.000525
1908.node,1908,0.000467
1909.node,1909,0.000451
1910.node,1910,0.000421
1911.node,1911,0.000421
1912.node,1912,0.000477
1913.node,1913,0.000542
1914.node,1914,0.000463
1915.node,1915,0.000429
1916.node,1916,0.000478
1917.node,1917,0.000426
1918.node,1918,0.000425
1919.node,1919,0.000427
1920.node,1920,0.000424
1921.node,1921,0.000539
1922.node,1922,0.00043
1923.node,1923,0.000487
1924.node,1924,0.000454
1925.node,1925,0.000478
1926.node,1926,0.000523
1927.node,1927,0.000534
1928.node,1928,0.000446
1929.node,1929,0.000473
1930.node,1930,0.000436
1931.node,1931,0.000426
1932.node,1932,0.00045
1933.node,1933,0.000429
1934.node,1934,0.000472
1935.node,1935,0.000423
1936.node,1936,0.000475
1937.node,1937,0.000438
1938.node,1938,0.000445
1939.node,1939,0.000432
1940.node,1940,0.000442
1941.node,1941,0.000529
1942.node,1942,0.000463
1943.node,1943,0.00047
1944.node,1944,0.000478
1945.node,1945,0.000432
1946.node,1946,0.00043
1947.node,1947,0.000456
1948.node,1948,0.000455
1949.node,1949,0.000541
1950.node,1950,0.000489
1951.node,1951,0.000443
1952.node,1952,0.000429
1953.node,1953,0.000518
1954.node,1954,0.000455
1955.node,1955,0.000453
1956.node,1956,0.000498
1957.node,1957,0.000462
1958.node,1958,0.000436
1959.node,1959,0.000463
1960.node,1960,0.000462
1961.node,1961,0.000481
1962.node,1962,0.000497
1963.node,1963,0.000529
1964.node,1964,0.000483
1965.node,1965,0.000512
1966.node,1966,0.000431
1967.node,1967,0.000454
1968.node,1968,0.000432
1969.node,1969,0.000505
1970.node,1970,0.000542
1971.node,1971,0.00048
1972.node,1972,0.000436
1973.node,1973,0.000448
1974.node,1974,0.000441
1975.node,1975,0.000435
1976.node,1976,0.000442
1977.node,1977,0.000496
1978.node,1978,0.00048
1979.node,1979,0.000468
1980.node,1980,0.000416
1981.node,1981,0.000501
1982.node,1982,0.000555
1983.node,1983,0.000579
1984.node,1984,0.000681
1985.node,1985,0.000502
1986.node,1986,0.0005
1987.node,1987,0.000435
1988.node,1988,0.000419
1989.node,1989,0.000471
1990.node,1990,0.000451
1991.node,1991,0.000426
1992.node,1992,0.000463
1993.node,1993,0.000465
1994.node,1994,0.000517
1995.node,1995,0.000506
1996.node,1996,0.000474
1997.node,1997,0.000472
1998.node,1998,0.000502
1999.node,1999,0.00048
2000.node,2000,0.000461
2001.node,2001,0.00044
2002.node,2002,0.000495
2003.node,2003,0.00047
2004.node,2004,0.00046
2005.node,2005,0.000492
2006.node,2006,0.000466
2007.node,2007,0.000456
2008.node,2008,0.000438
2009.node,2009,0.000473
2010.node,2010,0.000512
2011.node,2011,0.00048
2012.node,2012,0.000517
2013.node,2013,0.000481
2014.node,2014,0.000442
2015.node,2015,0.000461
2016.node,2016,0.000458
2017.node,2017,0.00045
2018.node,2018,0.000485
2019.node,2019,0.000462
2020.node,2020,0.00049
2021.node,2021,0.000454
2022.node,2022,0.000443
2023.node,2023,0.000504
2024.node,2024,0.000456
2025.node,2025,0.000533
2026.node,2026,0.000452
2027.node,2027,0.000492
2028.node,2028,0.000482
2029.node,2029,0.000459
2030.node,2030,0.000453
2031.node,2031,0.000439
2032.node,2032,0.000497
2033.node,2033,0.000445
2034.node,2034,0.000539
2035.node,2035,0.000502
2036.node,2036,0.00044
2037.node,2037,0.000463
2038.node,2038,0.000434
2039.node,2039,0.000538
2040.node,2040,0.000425
2041.node,2041,0.00048
2042.node,2042,0.000432
2043.node,2043,0.000423
2044.node,2044,0.000529
2045.node,2045,0.000483
2046.node,2046,0.000479
2047.node,2047,0.000479
2048.node,2048,0.000483
2049.node,2049,0.000454
2050.node,2050,0.000491
2051.node,2051,0.000463
2052.node,2052,0.00044
2053.node,2053,0.000489
2054.node,2054,0.000485
2055.node,2055,0.000489
2056.node,2056,0.000468
2057.node,2057,0.000454
2058.node,2058,0.000473
2059.node,2059,0.000454
2060.node,2060,0.000521
2061.node,2061,0.000489
2062.node,2062,0.000528
2063.node,2063,0.000484
2064.node,2064,0.000475
2065.node,2065,0.000449
2066.node,2066,0.000452
2067.node,2067,0.000506
2068.node,2068,0.000516
2069.node,2069,0.000806
2070.node,2070,0.000519
2071.node,2071,0.00053
2072.node,2072,0.000503
2073.node,2073,0.000464
2074.node,2074,0.000482
2075.node,2075,0.000504
2076.node,2076,0.000551
2077.node,2077,0.000528
2078.node,2078,0.000509
2079.node,2079,0.000492
2080.node,2080,0.000618
2081.node,2081,0.000525
2082.node,2082,0.000462
2083.node,2083,0.000512
2084.node,2084,0.000464
2085.node,2085,0.000463
2086.node,2086,0.000494
2087.node,2087,0.000484
2088.node,2088,0.00051
2089.node,2089,0.000493
2090.node,2090,0.000464
2091.node,2091,0.000525
2092.node,2092,0.000506
2093.node,2093,0.000518
2094.node,2094,0.000508
2095.node,2095,0.000502
2096.node,2096,0.000483
2097.node,2097,0.000469
2098.node,2098,0.000483
2099.node,2099,0.000499
2100.node,2100,0.000559
2101.node,2101,0.000459
2102.node,2102,0.0005
2103.node,2103,0.000475
2104.node,2104,0.000473
2105.node,2105,0.000474
2106.node,2106,0.000468
2107.node,2107,0.000526
2108.node,2108,0.000575
2109.node,2109,0.000513
2110.node,2110,0.00051
2111.node,2111,0.000518
2112.node,2112,0.000475
2113.node,2113,0.00056
2114.node,2114,0.000508
2115.node,2115,0.000509
2116.node,2116,0.000534
2117.node,2117,0.000518
2118.node,2118,0.000474
2119.node,2119,0.000504
2120.node,2120,0.000541
2121.node,2121,0.000469
2122.node,2122,0.000494
2123.node,2123,0.000491
2124.node,2124,0.000479
2125.node,2125,0.00052
2126.node,2126,0.000518
2127.node,2127,0.000479
2128.node,2128,0.000485
2129.node,2129,0.000461
2130.node,2130,0.000472
2131.node,2131,0.000497
2132.node,2132,0.000478
2133.node,2133,0.000539
2134.node,2134,0.000644
2135.node,2135,0.00052
2136.node,2136,0.000504
2137.node,2137,0.000491
2138.node,2138,0.000481
2139.node,2139,0.000478
2140.node,2140,0.00054
2141.node,2141,0.000524
2142.node,2142,0.000556
2143.node,2143,0.000498
2144.node,2144,0.000519
2145.node,2145,0.000479
2146.node,2146,0.000487
2147.node,2147,0.000601
2148.node,2148,0.000577
2149.node,2149,0.000523
2150.node,2150,0.000486
2151.node,2151,0.000487
2152.node,2152,0.000528
2153.node,2153,0.000524
2154.node,2154,0.000479
2155.node,2155,0.000495
2156.node,2156,0.000523
2157.node,2157,0.000547
2158.node,2158,0.000523
2159.node,2159,0.000524
2160.node,2160,0.000495
2161.node,2161,0.000666
2162.node,2162,0.000566
2163.node,2163,0.000516
2164.node,2164,0.000493
2165.node,2165,0.000511
2166.node,2166,0.000515
2167.node,2167,0.000481
2168.node,2168,0.000483
2169.node,2169,0.000525
2170.node,2170,0.00049
2171.node,2171,0.000486
2172.node,2172,0.000507
2173.node,2173,0.00056
2174.node,2174,0.000545
2175.node,2175,0.000715
2176.node,2176,0.000517
2177.node,2177,0.000523
2178.node,2178,0.000483
2179.node,2179,0.000475
2180.node,2180,0.00051
2181.node,2181,0.000539
2182.node,2182,0.000649
2183.node,2183,0.000485
2184.node,2184,0.000494
2185.node,2185,0.000525
2186.node,2186,0.000512
2187.node,2187,0.000552
2188.node,2188,0.000496
2189.node,2189,0.000523
2190.node,2190,0.000507
2191.node,2191,0.000548
2192.node,2192,0.000534
2193.node,2193,0.000494
2194.node,2194,0.000552
2195.node,2195,0.000546
2196.node,2196,0.000533
2197.node,2197,0.000529
2198.node,2198,0.000488
2199.node,2199,0.000507
2200.node,2200,0.000515
2201.node,2201,0.000548
2202.node,2202,0.000549
2203.node,2203,0.00053
2204.node,2204,0.000495
2205.node,2205,0.000496
2206.node,2206,0.000538
2207.node,2207,0.000552
2208.node,2208,0.000567
2209.node,2209,0.000504
2210.node,2210,0.000504
2211.node,2211,0.000519
2212.node,2212,0.000529
2213.node,2213,0.000499
2214.node,2214,0.000637
2215.node,2215,0.000586
2216.node,2216,0.000502
2217.node,2217,0.000671
2218.node,2218,0.000733
2219.node,2219,0.000676
2220.node,2220,0.000752
2221.node,2221,0.000575
2222.node,2222,0.000567
2223.node,2223,0.000498
2224.node,2224,0.000517
2225.node,2225,0.000493
2226.node,2226,0.000605
2227.node,2227,0.000551
2228.node,2228,0.000516
2229.node,2229,0.000556
2230.node,2230,0.000496
2231.node,2231,0.00051
2232.node,2232,0.000504
2233.node,2233,0.000518
2234.node,2234,0.000515
2235.node,2235,0.000495
2236.node,2236,0.000539
2237.node,2237,0.00054
2238.node,2238,0.000551
2239.node,2239,0.000554
2240.node,2240,0.000591
2241.node,2241,0.000521
2242.node,2242,0.000509
2243.node,2243,0.000529
2244.node,2244,0.000504
2245.node,2245,0.000539
2246.node,2246,0.000499
2247.node,2247,0.000545
2248.node,2248,0.000502
2249.node,2249,0.000499
2250.node,2250,0.000538
2251.node,2251,0.000506
2252.node,2252,0.000796
2253.node,2253,0.000605
2254.node,2254,0.000571
2255.node,2255,0.000512
2256.node,2256,0.000568
2257.node,2257,0.00054
2258.node,2258,0.000566
2259.node,2259,0.000555
2260.node,2260,0.000562
2261.node,2261,0.000506
2262.node,2262,0.000525
2263.node,2263,0.000516
2264.node,2264,0.000617
2265.node,2265,0.000545
2266.node,2266,0.000508
2267.node,2267,0.000534
2268.node,2268,0.000546
2269.node,2269,0.000568
2270.node,2270,0.000571
2271.node,2271,0.000538
2272.node,2272,0.000663
2273.node,2273,0.000555
2274.node,2274,0.000509
2275.node,2275,0.000533
2276.node,2276,0.000511
2277.node,2277,0.000608
2278.node,2278,0.000558
2279.node,2279,0.000542
2280.node,2280,0.000535
2281.node,2281,0.000511
2282.node,2282,0.000513
2283.node,2283,0.000571
2284.node,2284,0.000581
2285.node,2285,0.00058
2286.node,2286,0.000572
2287.node,2287,0.000527
2288.node,2288,0.000514
2289.node,2289,0.000611
2290.node,2290,0.000946
2291.node,2291,0.000553
2292.node,2292,0.000536
2293.node,2293,0.000598
2294.node,2294,0.000558
2295.node,2295,0.000588
2296.node,2296,0.000569
2297.node,2297,0.000566
2298.node,2298,0.000549
2299.node,2299,0.000568
2300.node,2300,0.000529
2301.node,2301,0.000565
2302.node,2302,0.000633
2303.node,2303,0.000567
2304.node,2304,0.00061
2305.node,2305,0.000545
2306.node,2306,0.000537
2307.node,2307,0.000575
2308.node,2308,0.000614
2309.node,2309,0.000517
2310.node,2310,0.000539
2311.node,2311,0.000516
2312.node,2312,0.00063
2313.node,2313,0.000602
2314.node,2314,0.0006
2315.node,2315,0.000555
2316.node,2316,0.000528
2317.node,2317,0.000518
2318.node,2318,0.000545
2319.node,2319,0.000542
2320.node,2320,0.000971
2321.node,2321,0.000904
2322.node,2322,0.000544
2323.node,2323,0.00062
2324.node,2324,0.000537
2325.node,2325,0.000627
2326.node,2326,0.000573
2327.node,2327,0.000581
2328.node,2328,0.000591
2329.node,2329,0.000528
2330.node,2330,0.000539
2331.node,2331,0.000628
2332.node,2332,0.000571
2333.node,2333,0.000588
2334.node,2334,0.000574
2335.node,2335,0.00054
2336.node,2336,0.00053
2337.node,2337,0.000564
2338.node,2338,0.000528
2339.node,2339,0.000544
2340.node,2340,0.000567
2341.node,2341,0.000585
2342.node,2342,0.000609
2343.node,2343,0.000556
2344.node,2344,0.000624
2345.node,2345,0.000596
2346.node,2346,0.000556
2347.node,2347,0.000533
2348.node,2348,0.000538
2349.node,2349,0.000527
2350.node,2350,0.000679
2351.node,2351,0.000576
2352.node,2352,0.000568
2353.node,2353,0.000618
2354.node,2354,0.000554
2355.node,2355,0.000529
2356.node,2356,0.000573
2357.node,2357,0.000586
2358.node,2358,0.000534
2359.node,2359,0.000529
2360.node,2360,0.000532
2361.node,2361,0.000602
2362.node,2362,0.000577
2363.node,2363,0.000904
2364.node,2364,0.000604
2365.node,2365,0.00054
2366.node,2366,0.000558
2367.node,2367,0.000579
2368.node,2368,0.000529
2369.node,2369,0.000517
2370.node,2370,0.000586
2371.node,2371,0.000575
2372.node,2372,0.00057
2373.node,2373,0.000542
2374.node,2374,0.000589
2375.node,2375,0.000646
2376.node,2376,0.000622
2377.node,2377,0.000559
2378.node,2378,0.000558
2379.node,2379,0.000539
2380.node,2380,0.000573
2381.node,2381,0.000556
2382.node,2382,0.000593
2383.node,2383,0.000532
2384.node,2384,0.000553
2385.node,2385,0.000626
2386.node,2386,0.000666
2387.node,2387,0.000642
2388.node,2388,0.000564
2389.node,2389,0.000556
2390.node,2390,0.00054
2391.node,2391,0.000534
2392.node,2392,0.000554
2393.node,2393,0.000893
2394.node,2394,0.000659
2395.node,2395,0.000576
2396.node,2396,0.000613
2397.node,2397,0.000576
2398.node,2398,0.00059
2399.node,2399,0.00058
2400.node,2400,0.000631
2401.node,2401,0.000585
2402.node,2402,0.000558
2403.node,2403,0.000545
2404.node,2404,0.000568
2405.node,2405,0.000564
2406.node,2406,0.000576
2407.node,2407,0.000545
2408.node,2408,0.000576
2409.node,2409,0.000562
2410.node,2410,0.000546
2411.node,2411,0.000611
2412.node,2412,0.000585
2413.node,2413,0.000557
2414.node,2414,0.000579
2415.node,2415,0.000582
2416.node,2416,0.000609
2417.node,2417,0.000636
2418.node,2418,0.000681
2419.node,2419,0.000664
2420.node,2420,0.000548
2421.node,2421,0.000544
2422.node,2422,0.000573
2423.node,2423,0.000806
2424.node,2424,0.000591
2425.node,2425,0.000585
2426.node,2426,0.000549
2427.node,2427,0.000546
2428.node,2428,0.000566
2429.node,2429,0.000607
2430.node,2430,0.000629
2431.node,2431,0.000568
2432.node,2432,0.000581
2433.node,2433,0.000594
2434.node,2434,0.000607
2435.node,2435,0.000633
2436.node,2436,0.000752
2437.node,2437,0.000611
2438.node,2438,0.000613
2439.node,2439,0.000594
2440.node,2440,0.000612
2441.node,2441,0.000585
2442.node,2442,0.000586
2443.node,2443,0.000611
2444.node,2444,0.00061
2445.node,2445,0.000554
2446.node,2446,0.000584
2447.node,2447,0.000616
2448.node,2448,0.000642
2449.node,2449,0.000571
2450.node,2450,0.000555
2451.node,2451,0.000558
2452.node,2452,0.000651
2453.node,2453,0.000697
2454.node,2454,0.000597
2455.node,2455,0.000529
2456.node,2456,0.000554
2457.node,2457,0.000631
2458.node,2458,0.00059
2459.node,2459,0.000656
2460.node,2460,0.000592
2461.node,2461,0.000586
2462.node,2462,0.000537
2463.node,2463,0.000586
2464.node,2464,0.000599
2465.node,2465,0.000593
2466.node,2466,0.000623
2467.node,2467,0.000594
2468.node,2468,0.000589
2469.node,2469,0.000608
2470.node,2470,0.000607
2471.node,2471,0.000647
2472.node,2472,0.000678
2473.node,2473,0.000613
2474.node,2474,0.000565
2475.node,2475,0.000569
2476.node,2476,0.000685
2477.node,2477,0.000613
2478.node,2478,0.000622
2479.node,2479,0.000603
2480.node,2480,0.00059
2481.node,2481,0.000558
2482.node,2482,0.000616
2483.node,2483,0.000601
2484.node,2484,0.000635
2485.node,2485,0.000554
2486.node,2486,0.000613
2487.node,2487,0.000611
2488.node,2488,0.000591
2489.node,2489,0.000604
2490.node,2490,0.000595
2491.node,2491,0.000564
2492.node,2492,0.000566
2493.node,2493,0.000584
2494.node,2494,0.000593
2495.node,2495,0.000558
2496.node,2496,0.000594
2497.node,2497,0.000561
2498.node,2498,0.000586
2499.node,2499,0.000554
2500.node,2500,0.000599